College_Code,College_Name,Branch,Category,Cutoff_Rank,AG-Agriculture  Engineering,AI-Artificial  Intelligence &  Machine Learning,AL-Agricultural  Engineering,AR-Automation &  Robotics  Engineering,AS-Aerospace  Engineering,AU-Automobile  Engineering,Year,Round,Table_Number,BM-Bio-Medical  Engineering,BP-Bachelor of  Urban & Regional  Planning,BT-Bio-technology,CA-Computer  Science &  Engineering  (Artificial  Intelligence),CB-Computer  Science &  Business Systems,CBD-Computer  Science &  Technology (Big  Data),CCS-Civil  Construction &  Sustainability  Engineering,CD-Computer  Science &  Engineering (Data  Science),CE-Computer  Engineering,CG-Computer  Science & Design,CH-Chemical  Engineering,CI-Computer  Science &  Engineering  (Artificial  Intelligence &  Machine Learning),CNW-Computer  Science &  Engineering  (Networks),CO-Computer  Science &  Engineering (IOT),COS-Computer  Science,CS-Computer  Science &  Engineering,CSD-Computer  Science &  Technology  (Devops),CST-Computer  Science &  Technology,CY-Computer  Science &  Engineering  (Cyber Security),DS-Data Science,ECE-Electrical &  Computer  Engineering,EC-Electronics &  Comm-unication  Engineering,EE-Electrical &  Electronics  Engineering,EIE-Electronics &  Instrument-ation  Engineering (Inst.  Technology),ET-Electronics &  Telecommu- nication  Engineering,IAR -Â Information  Technology  (Augmented  Reality & Virtual  Reality (AR / VR),IC-Computer  Science &  Engineering (IOT &  Cyber Security  Including Block  Chain Technology),IDA -Information  Technology (Data  Analytics),IM-Industrial  Engineering &  Management,INT-Information  Technology,IST-Information  Science &  Technology,MAE-Mechanical  & Aerospace  Enginnering,MD-Medical  Electronics  Engineering,ME-Mechanical  Engineering,MR-Marine  Engineering,MT-Mecha-tronics  Engineering,RI-Robotics &  Artificial  Intelligence,TX-Textile  Technology,UE-Electronics &  Computer  Engineering,VL-Electronics  Engineering (VLSI  Design &  Technology),VLS-VLSI,Exam_Type,AI-Artificial  Intelligence &  Machine  Learning,AR-Automation  & Robotics  Engineering,BT- Biotechnology,CD-Computer  Science &  Engineering  (Data Science),CV-Civil  Engineering,EI-Electronics &  Instrumentation  Engineering,ET-Electronics &  Tele- communication  Engineering,IS-Information  Science &  Engineering,BD-Bachelor of  Design,BP-Bachelor of  Urban &  Regional  Planning,CC-Ceramic And  Cement  Technology,CCA-Civil  Engineering with  Computer  Application,CCS-CIVIL  CONSTRUCTION  &  SUSTAINABILITY  ENGINEERING,CI-Computer  Science &  Engineering  (Artificial  Intelligence &  Machine  Learning),CK-Civil  Engineering  (Kannada),CM-Computer &  Communication  Engineering,CU-Cyber  Security,EC-Electronics &  Communication  Engineering,EIE-Electronics &  Instrumentation  Engineering (Inst.  Technology),ES-Electronics &  Computer  Science,IC-Computer  Science &  Engineering (IOT  & Cyber Security  Including Block  Chain  Technology),IDA -Information  Technology  (Data Analytics),IP-Industrial &  Production  Engineering,MAE- MECHANICAL &  AEROSPACE  ENGINEERING,MT- Mechatronics  Engineering,AG- Agriculture  Engineering,AL- Agricultural  Engineering,AR- Automation &  Robotics  Engineering,BD-Bachelor  of Design,BM-Bio- Medical  Engineering,BP-Bachelor  of Urban &  Regional  Planning,BT-Bio- technology,CC-Ceramic  And Cement  Technology,CCA-Civil  Engineering  with  Computer  Application,CM-Computer  & Comm- unication  Engineering,CNW- Computer  Science &  Engineering  (Networks),CO-Computer  Science &  Engineering  (IOT),CY-Computer  Science &  Engineering  (Cyber  Security),ECE-Electrical  & Computer  Engineering,EIE-Electronics  & Instrument- ation  Engineering  (Inst.  Technology),EI-Electronics  & Instrument- ation  Engineering,ES-Electronics  & Computer  Science,IC-Computer  Science &  Engineering  (IOT & Cyber  Security  Including  Block Chain  Technology),IDA - Information  Technology  (Data  Analytics),INT- Information  Technology,MAE- Mechanical &  Aerospace  Engineering,ME- Mechanical  Engineering,MT-Mecha- tronics  Engineering,UE-Electronics  & Computer  Engineering,VL-Electronics  Engineering  (VLSI Design &  Technology)
E001,"Acharya Institute of Technology-Soladevanahalli, Bengaluru",GM,,21963.0,,,,,,,2024,1,85,,,,,,,,,,,,,,,,,,,,,,,,,,,,,,,,,,54924,,58876,,,,,,COMEDK,,,,,,,,,,,,,,,,,,,,,,,,,,,,,,,,,,,,,,,,,,,,,,,,,,
E001,"Acharya Institute of Technology-Soladevanahalli, Bengaluru",GM,,30316.0,,18743,,,,,2024,1,1,,,,,,,,,,,,,,,,,,,,,,,,,,,,,,,,,,,,,,,,,,COMEDK,,,,,,,,,,,,,,,,,,,,,,,,,,,,,,,,,,,,,,,,,,,,,,,,,,
E001,"Acharya Institute of Technology-Soladevanahalli, Bengaluru",GM,,58244.0,,,,,,,2024,1,57,,,,,,,,,,,,,,,,,,,,,,23183,31072,,,,,,,,,,,,,,,,,,,COMEDK,,,,,,,,,,,,,,,,,,,,,,,,,,,,,,,,,,,,,,,,,,,,,,,,,,
E001,"Acharya Institute of Technology-Soladevanahalli, Bengaluru",KKR,,47020.0,,,,,,,2024,1,85,,,,,,,,,,,,,,,,,,,,,,,,,,,,,,,,,,,,,,,,,,COMEDK,,,,,,,,,,,,,,,,,,,,,,,,,,,,,,,,,,,,,,,,,,,,,,,,,,
E001,"Acharya Institute of Technology-Soladevanahalli, Bengaluru",KKR,,69087.0,,39916,,,,,2024,1,1,,,,,,,,,,,,,,,,,,,,,,,,,,,,,,,,,,,,,,,,,,COMEDK,,,,,,,,,,,,,,,,,,,,,,,,,,,,,,,,,,,,,,,,,,,,,,,,,,
E001,"Acharya Institute of Technology-Soladevanahalli, Bengaluru",KKR,,93817.0,,,,,,,2024,1,57,,,,,,,,,,,,,,,,,,,,,,63631,87923,,,,,,,,,,,,,,,,,,,COMEDK,,,,,,,,,,,,,,,,,,,,,,,,,,,,,,,,,,,,,,,,,,,,,,,,,,
E003,"A.C.S. College of Engineering-Kambipura Mysore Road, Bengaluru",GM,,62967.0,,,,,33264,,2024,1,1,,,,,,,,,,,,,,,,,,,,,,,,,,,,,,,,,,,,,,,,,,COMEDK,,,,,,,,,,,,,,,,,,,,,,,,,,,,,,,,,,,,,,,,,,,,,,,,,,
E003,"A.C.S. College of Engineering-Kambipura Mysore Road, Bengaluru",KKR,,98722.0,,,,,69992,,2024,1,1,,,,,,,,,,,,,,,,,,,,,,,,,,,,,,,,,,,,,,,,,,COMEDK,,,,,,,,,,,,,,,,,,,,,,,,,,,,,,,,,,,,,,,,,,,,,,,,,,
E004,"Adichunchanagiri Institute Of Technology-Jyothi Nagara, Chikkamagaluru",GM,,98081.0,,,,,,,2024,1,85,,,,,,,,,,,,,,,,,,,,,,,,,,,,,,,,,,66323,,,,,,,,COMEDK,,,,,,,,,,,,,,,,,,,,,,,,,,,,,,,,,,,,,,,,,,,,,,,,,,
E005,"Akash Institute of Engineering and Technology-Devanahalli, Bengaluru Rural",GM,,38461.0,,,,,,,2024,1,85,,,,,,,,,,,,,,,,,,,,,,,,,,,,,,,,,,,,,,,,,,COMEDK,,,,,,,,,,,,,,,,,,,,,,,,,,,,,,,,,,,,,,,,,,,,,,,,,,
E006,"Alvas Institute of Engineering and Technology-Moodbidri, Mangaluru",GM,,52192.0,,,,,,,2024,1,57,,,,,,,,,,,,,,,,,,,,,,98313,,,,,,,,,,,,,,,,,,,,COMEDK,,,,,,,,,,,,,,,,,,,,,,,,,,,,,,,,,,,,,,,,,,,,,,,,,,
E006,"Alvas Institute of Engineering and Technology-Moodbidri, Mangaluru",GM,,99748.0,,,,,,,2024,1,85,,,,,,,,,,,,,,,,,,,,,,,,,,,,,,,,,,,,,,,,,,COMEDK,,,,,,,,,,,,,,,,,,,,,,,,,,,,,,,,,,,,,,,,,,,,,,,,,,
E007,"AMC Engineering College-Bannerghatta Rd, Bengaluru",GM,,46906.0,,,,,,,2024,1,85,,,,,,,,,,,,,,,,,,,,,,,,,,,,,,,,,,71200,,,,,,,,COMEDK,,,,,,,,,,,,,,,,,,,,,,,,,,,,,,,,,,,,,,,,,,,,,,,,,,
E007,"AMC Engineering College-Bannerghatta Rd, Bengaluru",GM,,58659.0,,38367,,,,,2024,1,1,,,,,,,,,,,,,,,,,,,,,,,,,,,,,,,,,,,,,,,,,,COMEDK,,,,,,,,,,,,,,,,,,,,,,,,,,,,,,,,,,,,,,,,,,,,,,,,,,
E007,"AMC Engineering College-Bannerghatta Rd, Bengaluru",GM,,93472.0,,,,,,,2024,1,57,,,,,,,,,,,,,,,,,,,,,,50572,56183,,,,,,,,,,,,,,,,,,,COMEDK,,,,,,,,,,,,,,,,,,,,,,,,,,,,,,,,,,,,,,,,,,,,,,,,,,
E007,"AMC Engineering College-Bannerghatta Rd, Bengaluru",KKR,,92084.0,,,,,,,2024,1,85,,,,,,,,,,,,,,,,,,,,,,,,,,,,,,,,,,,,,,,,,,COMEDK,,,,,,,,,,,,,,,,,,,,,,,,,,,,,,,,,,,,,,,,,,,,,,,,,,
E009,"Angadi Institute of Technology and Management-Savagaon Road, Belagavi",GM,,93986.0,,,,,,,2024,1,99,,,,,,,,,,,,,,,,,,,,,,,,,,,,,,,,,,,,,,,,,,COMEDK,,,,,,,,,,,,,,,,,,,,,,,,,,,,,,,,,,,,,,,,,,,,,,,,,,
E011,"APS College of Engineering-Kanakapura Road, Bengaluru",GM,,84703.0,,,,,,,2024,1,85,,,,,,,,,,,,,,,,,,,,,,,,,,,,,,,,,,,,,,,,,,COMEDK,,,,,,,,,,,,,,,,,,,,,,,,,,,,,,,,,,,,,,,,,,,,,,,,,,
E011,"APS College of Engineering-Kanakapura Road, Bengaluru",GM,,100483.0,,,,,,,2024,1,57,,,,,,,,,,,,,,,,,,,59487,,,101501,,,,,,,,,,,,,,,,,,,,COMEDK,,,,,,,,,,,,,,,,,,,,,,,,,,,,,,,,,,,,,,,,,,,,,,,,,,
E012,"Atria Institute of Technology-Hebbal, Bengaluru",GM,,41258.0,,,,,,,2024,1,85,,,,,,,,,,,,,,,,,,,,,,,,,,,,,,,,,,85896,,,,,,,,COMEDK,,,,,,,,,,,,,,,,,,,,,,,,,,,,,,,,,,,,,,,,,,,,,,,,,,
E012,"Atria Institute of Technology-Hebbal, Bengaluru",GM,,68533.0,,,,,,,2024,1,57,,,,,,,,,,,,,,,,,,,,,,52824,,,,,,,,,,,,,,,,,,,,COMEDK,,,,,,,,,,,,,,,,,,,,,,,,,,,,,,,,,,,,,,,,,,,,,,,,,,
E014,"Bharatesh Institute of Technology-Shindhollicross, Belagavi",GM,,43258.0,,,,,,,2024,1,85,,,,,,,,,,,,,,,,,,,,,,,,,,,,,,,,,,,,,,,,,,COMEDK,,,,,,,,,,,,,,,,,,,,,,,,,,,,,,,,,,,,,,,,,,,,,,,,,,
E015,"B.N.M. Institute of Technology-Banashankari, Bengaluru",GM,,12299.0,,,,,,,2024,1,86,,,,,,,,,,,,,,,,,,,,,,,,,,,,,,,,,,37108,,,,,,,,COMEDK,,,,,,,,,,,,,,,,,,,,,,,,,,,,,,,,,,,,,,,,,,,,,,,,,,
E015,"B.N.M. Institute of Technology-Banashankari, Bengaluru",KKR,,36634.0,,,,,,,2024,1,86,,,,,,,,,,,,,,,,,,,,,,,,,,,,,,,,,,,,,,,,,,COMEDK,,,,,,,,,,,,,,,,,,,,,,,,,,,,,,,,,,,,,,,,,,,,,,,,,,
E016,"KLE Technological University Formerly known as BVBCET-Vidyanagar, Hubballi",GM,,84507.0,,,,,,,2024,1,58,,,,,,,,,,,,,,,,,,,,,,21753,28968,,,,,,,,,,,,,,,,,,,COMEDK,,,,,,,,,,,,,,,,,,,,,,,,,,,,,,,,,,,,,,,,,,,,,,,,,,
E017,"Ballari Institute of Technology And Management-Near Allipura, Ballari",GM,,85264.0,,,,,,,2024,1,58,,,,,,,,,,,,,,,,,,,,,,101161,,,,,,,,,,,,,,,,,,,,COMEDK,,,,,,,,,,,,,,,,,,,,,,,,,,,,,,,,,,,,,,,,,,,,,,,,,,
E018,"Bangalore College of Engineering and Technology-Chandapura, Bengaluru",GM,,25493.0,,,,,,,2024,1,86,,,,,,,,,,,,,,,,,,,,,,,,,,,,,,,,,,,,,,,,,,COMEDK,,,,,,,,,,,,,,,,,,,,,,,,,,,,,,,,,,,,,,,,,,,,,,,,,,
E019,"Bangalore Institute of Technology-V V Puram, Bengaluru",GM,,5901.0,,,,,,,2024,1,86,,,,,,,,,,,,,,,,,,,,,,,,,,,,,,,,,,25719,,,,,,,,COMEDK,,,,,,,,,,,,,,,,,,,,,,,,,,,,,,,,,,,,,,,,,,,,,,,,,,
E019,"Bangalore Institute of Technology-V V Puram, Bengaluru",GM,,36707.0,,,,,,,2024,1,58,,,,,,,,,,,,,,,,,,,,,,8040,12683,,,,,,,,,,,,,,,,,,,COMEDK,,,,,,,,,,,,,,,,,,,,,,,,,,,,,,,,,,,,,,,,,,,,,,,,,,
E019,"Bangalore Institute of Technology-V V Puram, Bengaluru",KKR,,21227.0,,,,,,,2024,1,86,,,,,,,,,,,,,,,,,,,,,,,,,,,,,,,,,,95550,,,,,,,,COMEDK,,,,,,,,,,,,,,,,,,,,,,,,,,,,,,,,,,,,,,,,,,,,,,,,,,
E020,"Bangalore Technological Institute-Chikkanayakanahalli Dinne, Bengaluru",GM,,77857.0,,,,,,,2024,1,58,,,,,,,,,,,,,,,,,,,,,,48971,,,,,,,,,,,,,,,,,,,,COMEDK,,,,,,,,,,,,,,,,,,,,,,,,,,,,,,,,,,,,,,,,,,,,,,,,,,
E021,"Bapuji Institute of Engineering and Technology-Shamanur Road, Davangere",GM,,71471.0,,,,,,,2024,1,86,,,,,,,,,,,,,,,,,,,,,,,,,,,,,,,,,,,,,,,,,,COMEDK,,,,,,,,,,,,,,,,,,,,,,,,,,,,,,,,,,,,,,,,,,,,,,,,,,
E021,"Bapuji Institute of Engineering and Technology-Shamanur Road, Davangere",KKR,,94289.0,,,,,,,2024,1,86,,,,,,,,,,,,,,,,,,,,,,,,,,,,,,,,,,,,,,,,,,COMEDK,,,,,,,,,,,,,,,,,,,,,,,,,,,,,,,,,,,,,,,,,,,,,,,,,,
E024,"Basaveshwar Engineering College-Vidya Nagar, Bagalkote",GM,,66869.0,,,,,,,2024,1,86,,,,,,,,,,,,,,,,,,,,,,,,,,,,,,,,,,,,,,,,,,COMEDK,,,,,,,,,,,,,,,,,,,,,,,,,,,,,,,,,,,,,,,,,,,,,,,,,,
E024,"Basaveshwar Engineering College-Vidya Nagar, Bagalkote",GM,,100692.0,,,,,,,2024,1,58,,,,,,,,,,,,,,,,,,,,,,50178,,,,,,,,,,,,,,,,,,,,COMEDK,,,,,,,,,,,,,,,,,,,,,,,,,,,,,,,,,,,,,,,,,,,,,,,,,,
E024,"Basaveshwar Engineering College-Vidya Nagar, Bagalkote",KKR,,91015.0,,,,,,,2024,1,86,,,,,,,,,,,,,,,,,,,,,,,,,,,,,,,,,,,,,,,,,,COMEDK,,,,,,,,,,,,,,,,,,,,,,,,,,,,,,,,,,,,,,,,,,,,,,,,,,
E026,"BLDEAs V.P. Dr.P.G.Halakatti College of Engineering and Technology-Ashram Road, Vijayapura",GM,,99141.0,,,,,,,2024,1,86,,,,,,,,,,,,,,,,,,,,,,,,,,,,,,,,,,,,,,,,,,COMEDK,,,,,,,,,,,,,,,,,,,,,,,,,,,,,,,,,,,,,,,,,,,,,,,,,,
E027,"BMS College of Engineering-Basavanagudi, Bengaluru",GM,,16264.0,,,,,,,2024,1,58,,,,,,,,,,,,,,,,,,,,,,2407,,,,,,,,,,,,,,,,,,,,COMEDK,,,,,,,,,,,,,,,,,,,,,,,,,,,,,,,,,,,,,,,,,,,,,,,,,,
E027,"BMS College of Engineering-Basavanagudi, Bengaluru",KKR,,62399.0,,,,,,,2024,1,58,,,,,,,,,,,,,,,,,,,,,,10689,,,,,,,,,,,,,,,,,,,,COMEDK,,,,,,,,,,,,,,,,,,,,,,,,,,,,,,,,,,,,,,,,,,,,,,,,,,
E028,"BMS Institute of Technology and Management-Yelahanka, Bengaluru",GM,,29748.0,,,,,,,2024,1,59,,,,,,,,,,,,,,,,,,,,,,7019,9607,,,,,,,,,,,,,,,,,,,COMEDK,,,,,,,,,,,,,,,,,,,,,,,,,,,,,,,,,,,,,,,,,,,,,,,,,,
E028,"BMS Institute of Technology and Management-Yelahanka, Bengaluru",KKR,,89012.0,,,,,,,2024,1,59,,,,,,,,,,,,,,,,,,,,,,25841,42795,,,,,,,,,,,,,,,,,,,COMEDK,,,,,,,,,,,,,,,,,,,,,,,,,,,,,,,,,,,,,,,,,,,,,,,,,,
E030,"Brindavan College of Engineering-Yelahanka, Bengaluru",GM,,100084.0,,,,,,,2024,1,87,,,,,,,,,,,,,,,,,,,,,,,,,,,,,,,,,,,,,,,,,,COMEDK,,,,,,,,,,,,,,,,,,,,,,,,,,,,,,,,,,,,,,,,,,,,,,,,,,
E032,"C.M.R. Institute of Technology-Brookefield, Bengaluru",GM,,12984.0,,,,,,,2024,1,87,,,,,,,,,,,,,,,,,,,,,,,,,,,,,,,,,,,,,,,,,,COMEDK,,,,,,,,,,,,,,,,,,,,,,,,,,,,,,,,,,,,,,,,,,,,,,,,,,
E032,"C.M.R. Institute of Technology-Brookefield, Bengaluru",KKR,,36289.0,,,,,,,2024,1,87,,,,,,,,,,,,,,,,,,,,,,,,,,,,,,,,,,,,,,,,,,COMEDK,,,,,,,,,,,,,,,,,,,,,,,,,,,,,,,,,,,,,,,,,,,,,,,,,,
E033,"Cambridge Institute of Technology-K R Puram, Bengaluru",GM,,25016.0,,,,,,,2024,1,87,,,,,,,,,,,,,,,,,,,,,,,,,,,,,,,,,,87379,,,,,,,,COMEDK,,,,,,,,,,,,,,,,,,,,,,,,,,,,,,,,,,,,,,,,,,,,,,,,,,
E033,"Cambridge Institute of Technology-K R Puram, Bengaluru",GM,,83844.0,,,,,,,2024,1,59,,,,,,,,,,,,,,,,,,,,,,30849,41405,,,,,,,,,,,,,,,,,,,COMEDK,,,,,,,,,,,,,,,,,,,,,,,,,,,,,,,,,,,,,,,,,,,,,,,,,,
E033,"Cambridge Institute of Technology-K R Puram, Bengaluru",KKR,,70849.0,,,,,,,2024,1,87,,,,,,,,,,,,,,,,,,,,,,,,,,,,,,,,,,,,,,,,,,COMEDK,,,,,,,,,,,,,,,,,,,,,,,,,,,,,,,,,,,,,,,,,,,,,,,,,,
E035,"Channabasaveshwara Institute of Technology- Gubbi, Tumakuru",GM,,76627.0,,,,,,,2024,1,87,,,,,,,,,,,,,,,,,,,,,,,,,,,,,,,,,,87659,,,,,,,,COMEDK,,,,,,,,,,,,,,,,,,,,,,,,,,,,,,,,,,,,,,,,,,,,,,,,,,
E037,"City Engineering College-Doddakalasandra, Bengaluru",GM,,101819.0,,,,,,,2024,1,87,,,,,,,,,,,,,,,,,,,,,,,,,,,,,,,,,,88524,,,,,,,,COMEDK,,,,,,,,,,,,,,,,,,,,,,,,,,,,,,,,,,,,,,,,,,,,,,,,,,
E039,"Dayananda Sagar Academy of Technology and Management-Kanakpura Road, Bengaluru",GM,,17436.0,,,,,,,2024,1,87,,,,,,,,,,,,,,,,,,,,,,,,,,,,,,,,,,,,,,,,,,COMEDK,,,,,,,,,,,,,,,,,,,,,,,,,,,,,,,,,,,,,,,,,,,,,,,,,,
E039,"Dayananda Sagar Academy of Technology and Management-Kanakpura Road, Bengaluru",KKR,,40253.0,,,,,,,2024,1,87,,,,,,,,,,,,,,,,,,,,,,,,,,,,,,,,,,,,,,,,,,COMEDK,,,,,,,,,,,,,,,,,,,,,,,,,,,,,,,,,,,,,,,,,,,,,,,,,,
E040,"Dayananda Sagar College of Engineering-Kumaraswamy Layout, Bengaluru",GM,,3344.0,,,,,,,2024,1,87,,,,,,,,,,,,,,,,,,,,,,,,,,,,,,,,,22521,17062,,,,,,,,COMEDK,,,,,,,,,,,,,,,,,,,,,,,,,,,,,,,,,,,,,,,,,,,,,,,,,,
E040,"Dayananda Sagar College of Engineering-Kumaraswamy Layout, Bengaluru",GM,,11671.0,,2785,,,,19562,2024,1,3,,,,,,,,,,,,,,,,,,,,,,,,,,,,,,,,,,,,,,,,,,COMEDK,,,,,,,,,,,,,,,,,,,,,,,,,,,,,,,,,,,,,,,,,,,,,,,,,,
E040,"Dayananda Sagar College of Engineering-Kumaraswamy Layout, Bengaluru",GM,,26795.0,,,,,,,2024,1,59,,,,,,,,,,,,,,,,,,,2870,,,5005,8458,,,,,,,,,,,,,,,,,,,COMEDK,,,,,,,,,,,,,,,,,,,,,,,,,,,,,,,,,,,,,,,,,,,,,,,,,,
E040,"Dayananda Sagar College of Engineering-Kumaraswamy Layout, Bengaluru",KKR,,12778.0,,,,,,,2024,1,87,,,,,,,,,,,,,,,,,,,,,,,,,,,,,,,,,,68274,,,,,,,,COMEDK,,,,,,,,,,,,,,,,,,,,,,,,,,,,,,,,,,,,,,,,,,,,,,,,,,
E040,"Dayananda Sagar College of Engineering-Kumaraswamy Layout, Bengaluru",KKR,,48305.0,,12294,,,,91938,2024,1,3,,,,,,,,,,,,,,,,,,,,,,,,,,,,,,,,,,,,,,,,,,COMEDK,,,,,,,,,,,,,,,,,,,,,,,,,,,,,,,,,,,,,,,,,,,,,,,,,,
E040,"Dayananda Sagar College of Engineering-Kumaraswamy Layout, Bengaluru",KKR,,76808.0,,,,,,,2024,1,59,,,,,,,,,,,,,,,,,,,12864,,,16647,38300,,,,,,,,,,,,,,,,,,,COMEDK,,,,,,,,,,,,,,,,,,,,,,,,,,,,,,,,,,,,,,,,,,,,,,,,,,
E041,"DON BOSCO Institute of Technology-Kumbalgodu, Bengaluru",GM,,57281.0,,,,,,,2024,1,87,,,,,,,,,,,,,,,,,,,,,,,,,,,,,,,,,,,,,,,,,,COMEDK,,,,,,,,,,,,,,,,,,,,,,,,,,,,,,,,,,,,,,,,,,,,,,,,,,
E041,"DON BOSCO Institute of Technology-Kumbalgodu, Bengaluru",KKR,,95488.0,,,,,,,2024,1,87,,,,,,,,,,,,,,,,,,,,,,,,,,,,,,,,,,,,,,,,,,COMEDK,,,,,,,,,,,,,,,,,,,,,,,,,,,,,,,,,,,,,,,,,,,,,,,,,,
E042,"Dr. Ambedkar Institute of Technology-Malathahalli, Bengaluru",GM,,17287.0,,,,,,,2024,1,88,,,,,,,,,,,,,,,,,,,,,,,,,,,,,,,,,,,,,,,,,,COMEDK,,,,,,,,,,,,,,,,,,,,,,,,,,,,,,,,,,,,,,,,,,,,,,,,,,
E042,"Dr. Ambedkar Institute of Technology-Malathahalli, Bengaluru",GM,,33345.0,,15752,,,,,2024,1,4,,,,,,,,,,,,,,,,,,,,,,,,,,,,,,,,,,,,,,,,,,COMEDK,,,,,,,,,,,,,,,,,,,,,,,,,,,,,,,,,,,,,,,,,,,,,,,,,,
E042,"Dr. Ambedkar Institute of Technology-Malathahalli, Bengaluru",GM,,60195.0,,,,,,,2024,1,60,,,,,,,,,,,,,,,,,,,,,,19462,,,,,,,,,,,,,,,,,,,,COMEDK,,,,,,,,,,,,,,,,,,,,,,,,,,,,,,,,,,,,,,,,,,,,,,,,,,
E042,"Dr. Ambedkar Institute of Technology-Malathahalli, Bengaluru",KKR,,43494.0,,,,,,,2024,1,88,,,,,,,,,,,,,,,,,,,,,,,,,,,,,,,,,,,,,,,,,,COMEDK,,,,,,,,,,,,,,,,,,,,,,,,,,,,,,,,,,,,,,,,,,,,,,,,,,
E042,"Dr. Ambedkar Institute of Technology-Malathahalli, Bengaluru",KKR,,51973.0,,40677,,,,,2024,1,4,,,,,,,,,,,,,,,,,,,,,,,,,,,,,,,,,,,,,,,,,,COMEDK,,,,,,,,,,,,,,,,,,,,,,,,,,,,,,,,,,,,,,,,,,,,,,,,,,
E042,"Dr. Ambedkar Institute of Technology-Malathahalli, Bengaluru",KKR,,91286.0,,,,,,,2024,1,60,,,,,,,,,,,,,,,,,,,,,,47067,,,,,,,,,,,,,,,,,,,,COMEDK,,,,,,,,,,,,,,,,,,,,,,,,,,,,,,,,,,,,,,,,,,,,,,,,,,
E043,"Yenepoya Institute of Technology formerly known as Dr. M V Shetty Institute of Technology-
Moodbidri, Mangaluru",GM,,79106.0,,,,,,,2024,1,88,,,,,,,,,,,,,,,,,,,,,,,,,,,,,,,,,,56962,,,,,,,,COMEDK,,,,,,,,,,,,,,,,,,,,,,,,,,,,,,,,,,,,,,,,,,,,,,,,,,
E044,"Dr.Shri Shri Shivakumara Mahaswamy College of Engineering-Nelamangala, Bengaluru Rural",GM,,81978.0,,,,,,,2024,1,88,,,,,,,,,,,,,,,,,,,,,,,,,,,,,,,,,,,,,,,,,,COMEDK,,,,,,,,,,,,,,,,,,,,,,,,,,,,,,,,,,,,,,,,,,,,,,,,,,
E045,"Dr H N National College Of Engineering-Jayanagar, Bengaluru",GM,,90567.0,,,,,,,2024,1,88,,,,,,,,,,,,,,,,,,,,,,,,,,,,,,,,,,,,,,,,,,COMEDK,,,,,,,,,,,,,,,,,,,,,,,,,,,,,,,,,,,,,,,,,,,,,,,,,,
E046,"East Point College of Engineering and Technology-Avalahalli, Bengaluru",GM,,77453.0,,,,,,,2024,1,60,,,,,,,,,,,,,,,,,,,,,,96597,,,,,,,,,,,,,,,,,,,,COMEDK,,,,,,,,,,,,,,,,,,,,,,,,,,,,,,,,,,,,,,,,,,,,,,,,,,
E046,"East Point College of Engineering and Technology-Avalahalli, Bengaluru",GM,,93471.0,,,,,,,2024,1,88,,,,,,,,,,,,,,,,,,,,,,,,,,,,,,,,,,,,,,,,,,COMEDK,,,,,,,,,,,,,,,,,,,,,,,,,,,,,,,,,,,,,,,,,,,,,,,,,,
E048,"East West Institute of Technology-BEL Layout, Bengaluru",GM,,76350.0,,,,,,,2024,1,88,,,,,,,,,,,,,,,,,,,,,,,,,,,,,,,,,,74720,,,,,,,,COMEDK,,,,,,,,,,,,,,,,,,,,,,,,,,,,,,,,,,,,,,,,,,,,,,,,,,
E048,"East West Institute of Technology-BEL Layout, Bengaluru",GM,,85840.0,,,,,,,2024,1,60,,,,,,,,,,,,,,,,,,,,,,68031,83984,,,,,,,,,,,,,,,,,,,COMEDK,,,,,,,,,,,,,,,,,,,,,,,,,,,,,,,,,,,,,,,,,,,,,,,,,,
E050,"Global Academy of Technology-Rajarajeshwari Nagar, Bengaluru",GM,,32593.0,,,,,,,2024,1,88,,,,,,,,,,,,,,,,,,,,,,,,,,,,,,,,,,94161,,,,,,,,COMEDK,,,,,,,,,,,,,,,,,,,,,,,,,,,,,,,,,,,,,,,,,,,,,,,,,,
E050,"Global Academy of Technology-Rajarajeshwari Nagar, Bengaluru",GM,,59775.0,,,,,,,2024,1,60,,,,,,,,,,,,,,,,,,,,,,41165,62326,,,,,,,,,,,,,,,,,,,COMEDK,,,,,,,,,,,,,,,,,,,,,,,,,,,,,,,,,,,,,,,,,,,,,,,,,,
E050,"Global Academy of Technology-Rajarajeshwari Nagar, Bengaluru",GM,30735,62365.0,,28676,,,,,2024,1,4,,,,,,,,,,,,,,,,,,,,,,,,,,,,,,,,,,,,,,,,,,COMEDK,,,,,,,,,,,,,,,,,,,,,,,,,,,,,,,,,,,,,,,,,,,,,,,,,,
E050,"Global Academy of Technology-Rajarajeshwari Nagar, Bengaluru",KKR,,68950.0,,,,,,,2024,1,88,,,,,,,,,,,,,,,,,,,,,,,,,,,,,,,,,,,,,,,,,,COMEDK,,,,,,,,,,,,,,,,,,,,,,,,,,,,,,,,,,,,,,,,,,,,,,,,,,
E051,"GM Institute of Technology-P B Road, Davangere",GM,,78583.0,,,,,,,2024,1,88,,,,,,,,,,,,,,,,,,,,,,,,,,,,,,,,,,,,,,,,,,COMEDK,,,,,,,,,,,,,,,,,,,,,,,,,,,,,,,,,,,,,,,,,,,,,,,,,,
E053,"Gopalan College of Engineering And Management-Whitefield, Bengaluru",GM,,67428.0,,,,,,,2024,1,4,,,,,,,,,,,,,,,,,,,,,,,,,,,,,,,,,,,,,,,,,,COMEDK,,,,,,,,,,,,,,,,,,,,,,,,,,,,,,,,,,,,,,,,,,,,,,,,,,
E053,"Gopalan College of Engineering And Management-Whitefield, Bengaluru",GM,,98592.0,,,,,,,2024,1,88,,,,,,,,,,,,,,,,,,,,,,,,,,,,,,,,,,,,,,,,,,COMEDK,,,,,,,,,,,,,,,,,,,,,,,,,,,,,,,,,,,,,,,,,,,,,,,,,,
E055,"GSSS Institute of Engineering and Technology for Women-Metagalli, Mysuru",GM,,35762.0,,,,,,,2024,1,88,,,,,,,,,,,,,,,,,,,,,,,,,,,,,,,,,,,,,,,,,,COMEDK,,,,,,,,,,,,,,,,,,,,,,,,,,,,,,,,,,,,,,,,,,,,,,,,,,
E055,"GSSS Institute of Engineering and Technology for Women-Metagalli, Mysuru",KKR,,76492.0,,,,,,,2024,1,88,,,,,,,,,,,,,,,,,,,,,,,,,,,,,,,,,,,,,,,,,,COMEDK,,,,,,,,,,,,,,,,,,,,,,,,,,,,,,,,,,,,,,,,,,,,,,,,,,
E059,"Jawaharlal Nehru New College of Engineering JNNCE-Swalanga Road, Shivamogga",GM,,59957.0,,,,,,,2024,1,89,,,,,,,,,,,,,,,,,,,,,,,,,,,,,,,,,,,,,,,,,,COMEDK,,,,,,,,,,,,,,,,,,,,,,,,,,,,,,,,,,,,,,,,,,,,,,,,,,
E059,"Jawaharlal Nehru New College of Engineering JNNCE-Swalanga Road, Shivamogga",GM,,95405.0,,,,,,,2024,1,61,,,,,,,,,,,,,,,,,,,,,,69969,102078,,,,,,,,,,,,,,,,,,,COMEDK,,,,,,,,,,,,,,,,,,,,,,,,,,,,,,,,,,,,,,,,,,,,,,,,,,
E060,"JSS Academy of Technical Education-Kengeri Main Road, Bengaluru",GM,,15298.0,,,,,,,2024,1,89,,,,,,,,,,,,,,,,,,,,,,,,,,,,,,,,,,34840,,,,,,,,COMEDK,,,,,,,,,,,,,,,,,,,,,,,,,,,,,,,,,,,,,,,,,,,,,,,,,,
E060,"JSS Academy of Technical Education-Kengeri Main Road, Bengaluru",GM,,40173.0,,,,,,,2024,1,61,,,,,,,,,,,,,,,,,,,,,,19863,,,,,,,,,,,,,,,,,,,,COMEDK,,,,,,,,,,,,,,,,,,,,,,,,,,,,,,,,,,,,,,,,,,,,,,,,,,
E060,"JSS Academy of Technical Education-Kengeri Main Road, Bengaluru",KKR,,40571.0,,,,,,,2024,1,89,,,,,,,,,,,,,,,,,,,,,,,,,,,,,,,,,,,,,,,,,,COMEDK,,,,,,,,,,,,,,,,,,,,,,,,,,,,,,,,,,,,,,,,,,,,,,,,,,
E061,JSS Science and Technology University-Mysuru,GM,,39022.0,,,,,,,2024,1,61,,,,,,,,,,,,,,,,,,,,,,,,,,,,,,,,,,,,,,,,,,COMEDK,,,,,,,,,,,,,,,,,,,,,,,,,,,,,,,,,,,,,,,,,,,,,,,,,,
E061,JSS Science and Technology University-Mysuru,KKR,,86880.0,,,,,,,2024,1,61,,,,,,,,,,,,,,,,,,,,,,,,,,,,,,,,,,,,,,,,,,COMEDK,,,,,,,,,,,,,,,,,,,,,,,,,,,,,,,,,,,,,,,,,,,,,,,,,,
E062,"Jain College of Engineering-T.S Nagar, Belagavi",GM,,99605.0,,,,,,,2024,1,61,,,,,,,,,,,,,,,,,,,,,,57774,97765,,,,,,,,,,,,,,,,,,,COMEDK,,,,,,,,,,,,,,,,,,,,,,,,,,,,,,,,,,,,,,,,,,,,,,,,,,
E064,"Jain College of Engineering and Research-Udyambag, Belagavi",GM,,48024.0,,,,,,,2024,1,61,,,,,,,,,,,,,,,,,,,,,,74464,,,,,,,,,,,,,,,,,,,,COMEDK,,,,,,,,,,,,,,,,,,,,,,,,,,,,,,,,,,,,,,,,,,,,,,,,,,
E065,"KLE Technological University  Formerly called as KLE Dr. M.S. Sheshgiri College of Engineering and 
Technology-Udyambag, Belagavi",GM,,89910.0,,,,,,,2024,1,61,,,,,,,,,,,,,,,,,,,,,,35962,52279,,,,,,,,,,,,,,,,,,,COMEDK,,,,,,,,,,,,,,,,,,,,,,,,,,,,,,,,,,,,,,,,,,,,,,,,,,
E068,"K.S. Institute of Technology-Kanakapura Main Road, Bengaluru",GM,,63000.0,,,,,,,2024,1,48,,,,,,,,,,,,,,,,38487,,,,,,,,,,,,,,,,,,,,,,,,,,COMEDK,,,,,,,,,,,,,,,,,,,,,,,,,,,,,,,,,,,,,,,,,,,,,,,,,,
E071,"Karavali Institute of Technology-Kottara, Mangaluru",GM,,71389.0,,,,,,,2024,1,6,,,,,,,,,,,,,,,,,,,,,,,,,,,,,,,,,,,,,,,,,,COMEDK,,,,,,,,,,,,,,,,,,,,,,,,,,,,,,,,,,,,,,,,,,,,,,,,,,
E072,"K L E  Institute of Technology-Gokul, Hubbali",GM,,94713.0,,,,,,,2024,1,62,,,,,,,,,,,,,,,,,,,,,,43281,55145,,,,,,,,,,,,,,,,,,,COMEDK,,,,,,,,,,,,,,,,,,,,,,,,,,,,,,,,,,,,,,,,,,,,,,,,,,
E073,"KLS Gogte Institute of Technology-Udyambag, Belagavi",GM,,30083.0,,,,,,,2024,1,90,,,,,,,,,,,,,,,,,,,,,,,,,,,,,,,,,,44831,,,,,,,,COMEDK,,,,,,,,,,,,,,,,,,,,,,,,,,,,,,,,,,,,,,,,,,,,,,,,,,
E073,"KLS Gogte Institute of Technology-Udyambag, Belagavi",GM,,40714.0,,,,,,,2024,1,6,,,,,,,,,,,,,,,,,,,,,,,,,,,,,,,,,,,,,,,,,,COMEDK,,,,,,,,,,,,,,,,,,,,,,,,,,,,,,,,,,,,,,,,,,,,,,,,,,
E073,"KLS Gogte Institute of Technology-Udyambag, Belagavi",GM,,72197.0,,,,,,,2024,1,62,,,,,,,,,,,,,,,,,,,,,,33742,35532,,,,,,,,,,,,,,,,,,,COMEDK,,,,,,,,,,,,,,,,,,,,,,,,,,,,,,,,,,,,,,,,,,,,,,,,,,
E073,"KLS Gogte Institute of Technology-Udyambag, Belagavi",KKR,,49043.0,,,,,,,2024,1,90,,,,,,,,,,,,,,,,,,,,,,,,,,,,,,,,,,,,,,,,,,COMEDK,,,,,,,,,,,,,,,,,,,,,,,,,,,,,,,,,,,,,,,,,,,,,,,,,,
E075,"KNS Institute of Technology-Yelahanka, Bengaluru",GM,,93652.0,,,,,,,2024,1,90,,,,,,,,,,,,,,,,,,,,,,,,,,,,,,,,,,40111,,,,,,,,COMEDK,,,,,,,,,,,,,,,,,,,,,,,,,,,,,,,,,,,,,,,,,,,,,,,,,,
E076,"M.S. Engineering College-Sadahalli, Bengaluru",GM,,97516.0,,,,,,,2024,1,62,,,,,,,,,,,,,,,,,,,,,,97675,,,,,,,,,,,,,,,,,,,,COMEDK,,,,,,,,,,,,,,,,,,,,,,,,,,,,,,,,,,,,,,,,,,,,,,,,,,
E076,"M.S. Engineering College-Sadahalli, Bengaluru",GM,,101467.0,,,,,,,2024,1,90,,,,,,,,,,,,,,,,,,,,,,,,,,,,,,,,,,,,,,,,,,COMEDK,,,,,,,,,,,,,,,,,,,,,,,,,,,,,,,,,,,,,,,,,,,,,,,,,,
E077,"M.S. Ramaiah Institute of Technology-MSR Nagar, Bengaluru",GM,,1720.0,,,,,,,2024,1,90,,,,,,,,,,,,,,,,,,,,,,,,,,,,,,,,,19386,8437,,,,,,,,COMEDK,,,,,,,,,,,,,,,,,,,,,,,,,,,,,,,,,,,,,,,,,,,,,,,,,,
E077,"M.S. Ramaiah Institute of Technology-MSR Nagar, Bengaluru",GM,,16724.0,,,,,,,2024,1,62,,,,,,,,,,,,,,,,,,,1611,,,2263,2993,,,,,,,,,,,,,,,,,,,COMEDK,,,,,,,,,,,,,,,,,,,,,,,,,,,,,,,,,,,,,,,,,,,,,,,,,,
E077,"M.S. Ramaiah Institute of Technology-MSR Nagar, Bengaluru",KKR,,5887.0,,,,,,,2024,1,90,,,,,,,,,,,,,,,,,,,,,,,,,,,,,,,,,96667,32560,,,,,,,,COMEDK,,,,,,,,,,,,,,,,,,,,,,,,,,,,,,,,,,,,,,,,,,,,,,,,,,
E077,"M.S. Ramaiah Institute of Technology-MSR Nagar, Bengaluru",KKR,,52437.0,,,,,,,2024,1,62,,,,,,,,,,,,,,,,,,,7815,,,8977,26000,,,,,,,,,,,,,,,,,,,COMEDK,,,,,,,,,,,,,,,,,,,,,,,,,,,,,,,,,,,,,,,,,,,,,,,,,,
E078,"Maharaja Institute of Technology-Belawadi, Mandya",GM,,71109.0,,,,,,,2024,1,90,,,,,,,,,,,,,,,,,,,,,,,,,,,,,,,,,,77387,,,,,,,,COMEDK,,,,,,,,,,,,,,,,,,,,,,,,,,,,,,,,,,,,,,,,,,,,,,,,,,
E078,"Maharaja Institute of Technology-Belawadi, Mandya",GM,,91758.0,,,,,,,2024,1,62,,,,,,,,,,,,,,,,,,,,,,87652,,,,,,,,,,,,,,,,,,,,COMEDK,,,,,,,,,,,,,,,,,,,,,,,,,,,,,,,,,,,,,,,,,,,,,,,,,,
E079,"Malnad College of Engineering-Rangoli Halla, Hassan",GM,,94432.0,,,,,,,2024,1,63,,,,,,,,,,,,,,,,,,,,,,63060,96702,,,,,,,,,,,,,,,,,,,COMEDK,,,,,,,,,,,,,,,,,,,,,,,,,,,,,,,,,,,,,,,,,,,,,,,,,,
E079,"Malnad College of Engineering-Rangoli Halla, Hassan",GM,,98268.0,,,,,,,2024,1,91,,,,,,,,,,,,,,,,,,,,,,,,,,,,,,,,,,,,,,,,,,COMEDK,,,,,,,,,,,,,,,,,,,,,,,,,,,,,,,,,,,,,,,,,,,,,,,,,,
E080,"Mangalore Institute of Technology and Engineering-Moodbidri, Mangaluru",GM,,96035.0,,,,,,,2024,1,91,,,,,,,,,,,,,,,,,,,,,,,,,,,,,,,,,,83564,,99830,,,,,,COMEDK,,,,,,,,,,,,,,,,,,,,,,,,,,,,,,,,,,,,,,,,,,,,,,,,,,
E080,"Mangalore Institute of Technology and Engineering-Moodbidri, Mangaluru",GM,,101405.0,,63646,,,,,2024,1,7,,,,,,,,,,,,,,,,,,,,,,,,,,,,,,,,,,,,,,,,,,COMEDK,,,,,,,,,,,,,,,,,,,,,,,,,,,,,,,,,,,,,,,,,,,,,,,,,,
E082,"Maharaja Institute of Technology-Thandavapura, Mysuru",GM,,80595.0,,,,,,,2024,1,63,,,,,,,,,,,,,,,,,,,,,,95262,,,,,,,,,,,,,,,,,,,,COMEDK,,,,,,,,,,,,,,,,,,,,,,,,,,,,,,,,,,,,,,,,,,,,,,,,,,
E083,"Mysuru Royal Institute of Technology-Palahallli, Mandya District",GM,,91610.0,,,,,,,2024,1,63,,,,,,,,,,,,,,,,,,,,,,,,,,,,,,,,,,,,,,,,,,COMEDK,,,,,,,,,,,,,,,,,,,,,,,,,,,,,,,,,,,,,,,,,,,,,,,,,,
E084,"Nagarjuna College of Engineering And Technology-Devanahalli, Bengaluru",GM,,66290.0,,,,,,,2024,1,63,,,,,,,,,,,,,,,,,,,,,,99229,,,,,,,,,,,,,,,,,,,,COMEDK,,,,,,,,,,,,,,,,,,,,,,,,,,,,,,,,,,,,,,,,,,,,,,,,,,
E084,"Nagarjuna College of Engineering And Technology-Devanahalli, Bengaluru",GM,,98172.0,,,,,,,2024,1,91,,,,,,,,,,,,,,,,,,,,,,,,,,,,,,,,,,,,,,,,,,COMEDK,,,,,,,,,,,,,,,,,,,,,,,,,,,,,,,,,,,,,,,,,,,,,,,,,,
E085,"The National Institute of Engineering North Campus-Koorgalli, Mysuru",GM,,6580.0,,,,,,,2024,1,91,,,,,,,,,,,,,,,,,,,,,,,,,,,,,,,,,,,,,,,,,,COMEDK,,,,,,,,,,,,,,,,,,,,,,,,,,,,,,,,,,,,,,,,,,,,,,,,,,
E085,"The National Institute of Engineering North Campus-Koorgalli, Mysuru",KKR,,21966.0,,,,,,,2024,1,91,,,,,,,,,,,,,,,,,,,,,,,,,,,,,,,,,,,,,,,,,,COMEDK,,,,,,,,,,,,,,,,,,,,,,,,,,,,,,,,,,,,,,,,,,,,,,,,,,
E086,"Nitte Meenakshi Institute of Technology-Yelahanka, Bengaluru",GM,,8224.0,,,,,,,2024,1,91,,,,,,,,,,,,,,,,,,,,,,,,,,,,,,,,,,24040,,,,,,,,COMEDK,,,,,,,,,,,,,,,,,,,,,,,,,,,,,,,,,,,,,,,,,,,,,,,,,,
E086,"Nitte Meenakshi Institute of Technology-Yelahanka, Bengaluru",GM,,38440.0,,,,,,,2024,1,63,,,,,,,,,,,,,,,,,,,,,,10566,15309,,,,,,,,,,,,,,,,,,,COMEDK,,,,,,,,,,,,,,,,,,,,,,,,,,,,,,,,,,,,,,,,,,,,,,,,,,
E086,"Nitte Meenakshi Institute of Technology-Yelahanka, Bengaluru",GM,7141,22436.0,,7075,,,,,2024,1,7,,,,,,,,,,,,,,,,,,,,,,,,,,,,,,,,,,,,,,,,,,COMEDK,,,,,,,,,,,,,,,,,,,,,,,,,,,,,,,,,,,,,,,,,,,,,,,,,,
E086,"Nitte Meenakshi Institute of Technology-Yelahanka, Bengaluru",KKR,,25667.0,,,,,,,2024,1,91,,,,,,,,,,,,,,,,,,,,,,,,,,,,,,,,,,97674,,,,,,,,COMEDK,,,,,,,,,,,,,,,,,,,,,,,,,,,,,,,,,,,,,,,,,,,,,,,,,,
E086,"Nitte Meenakshi Institute of Technology-Yelahanka, Bengaluru",KKR,26593,77431.0,,26335,,,,,2024,1,7,,,,,,,,,,,,,,,,,,,,,,,,,,,,,,,,,,,,,,,,,,COMEDK,,,,,,,,,,,,,,,,,,,,,,,,,,,,,,,,,,,,,,,,,,,,,,,,,,
E089,"P.E.S.College of Engineering-PES College Road, Mandya",GM,,14817.0,,,,,,,2024,1,91,,,,,,,,,,,,,,,,,,,,,,,,,,,,,,,,,,,,,,,,,,COMEDK,,,,,,,,,,,,,,,,,,,,,,,,,,,,,,,,,,,,,,,,,,,,,,,,,,
E089,"P.E.S.College of Engineering-PES College Road, Mandya",GM,,30696.0,,,,,,,2024,1,63,,,,,,,,,,,,,,,,,,,,,,18319,21262,,,,,,,,,,,,,,,,,,,COMEDK,,,,,,,,,,,,,,,,,,,,,,,,,,,,,,,,,,,,,,,,,,,,,,,,,,
E090,"PES Institute of Technology and Management-Kotegangoor Cost, Shivamogga",GM,,100785.0,,,,,,,2024,1,63,,,,,,,,,,,,,,,,,,,,,,36117,59211,,,,,,,,,,,,,,,,,,,COMEDK,,,,,,,,,,,,,,,,,,,,,,,,,,,,,,,,,,,,,,,,,,,,,,,,,,
E095,"R V College of Engineering-Mysore Road, Bengaluru",GM,,418.0,,,,,,,2024,1,92,,,,,,,,,,,,,,,,,,,,,,,,,,,,,,,,,,4127,,,,,,,,COMEDK,,,,,,,,,,,,,,,,,,,,,,,,,,,,,,,,,,,,,,,,,,,,,,,,,,
E095,"R V College of Engineering-Mysore Road, Bengaluru",GM,,9115.0,,,,,,,2024,1,64,,,,,,,,,,,,,,,,,,,424,,,700,1501,,,,,,,,,,,,,,,,,,,COMEDK,,,,,,,,,,,,,,,,,,,,,,,,,,,,,,,,,,,,,,,,,,,,,,,,,,
E095,"R V College of Engineering-Mysore Road, Bengaluru",KKR,,1354.0,,,,,,,2024,1,92,,,,,,,,,,,,,,,,,,,,,,,,,,,,,,,,,,23547,,,,,,,,COMEDK,,,,,,,,,,,,,,,,,,,,,,,,,,,,,,,,,,,,,,,,,,,,,,,,,,
E095,"R V College of Engineering-Mysore Road, Bengaluru",KKR,,31346.0,,,,,,,2024,1,64,,,,,,,,,,,,,,,,,,,2001,,,4776,13569,,,,,,,,,,,,,,,,,,,COMEDK,,,,,,,,,,,,,,,,,,,,,,,,,,,,,,,,,,,,,,,,,,,,,,,,,,
E097,"R.R. Institute of Technology-Chikkabanavara, Bengaluru",GM,,90328.0,,,,,,,2024,1,78,,,,,,,,,,,,,,,,,,,,,,,,,,,84532,,,,,,,,,,,,,,,COMEDK,,,,,,,,,,,,,,,,,,,,,,,,,,,,,,,,,,,,,,,,,,,,,,,,,,
E097,"R.R. Institute of Technology-Chikkabanavara, Bengaluru",GM,,101644.0,,,,,,,2024,1,92,,,,,,,,,,,,,,,,,,,,,,,,,,,,,,,,,,,,,,,,,,COMEDK,,,,,,,,,,,,,,,,,,,,,,,,,,,,,,,,,,,,,,,,,,,,,,,,,,
E099,"Raja Rajeswari College of Engineering-Kumbalgodu, Bengaluru",GM,,70118.0,,,,,,,2024,1,92,,,,,,,,,,,,,,,,,,,,,,,,,,,,,,,,,,,,,,,,,,COMEDK,,,,,,,,,,,,,,,,,,,,,,,,,,,,,,,,,,,,,,,,,,,,,,,,,,
E099,"Raja Rajeswari College of Engineering-Kumbalgodu, Bengaluru",GM,,85503.0,,,,,,,2024,1,106,,,,,,,,,,,,,,,,,,,,,,,,,,,,,,,,,,,,,,,,,,COMEDK,,,,,,,,,,,,,,,,,,,,,,,,,,,,,,,,,,,,,,,,,,,,,,,,,,
E100,"Rajeev Institute of Technology-BM Bypass Road, Hassan",GM,,97990.0,,,,,,,2024,1,92,,,,,,,,,,,,,,,,,,,,,,,,,,,,,,,,,,73817,,,,,,,,COMEDK,,,,,,,,,,,,,,,,,,,,,,,,,,,,,,,,,,,,,,,,,,,,,,,,,,
E104,"RNS Institute of Technology-R R Nagar Post, Bengaluru",GM,,54187.0,,,,,,,2024,1,64,,,,,,,,,,,,,,,,,,,12792,,,15976,16924,,,,,,,,,,,,,,,,,,,COMEDK,,,,,,,,,,,,,,,,,,,,,,,,,,,,,,,,,,,,,,,,,,,,,,,,,,
E107,"SJB Institute of Technology-Kengeri, Bengaluru",GM,,26002.0,,,,,,,2024,1,93,,,,,,,,,,,,,,,,,,,,,,,,,,,,,,,,,,101135,,,,,,,,COMEDK,,,,,,,,,,,,,,,,,,,,,,,,,,,,,,,,,,,,,,,,,,,,,,,,,,
E107,"SJB Institute of Technology-Kengeri, Bengaluru",GM,,66572.0,,,,,,,2024,1,65,,,,,,,,,,,,,,,,,,,,,,29533,30949,,,,,,,,,,,,,,,,,,,COMEDK,,,,,,,,,,,,,,,,,,,,,,,,,,,,,,,,,,,,,,,,,,,,,,,,,,
E107,"SJB Institute of Technology-Kengeri, Bengaluru",KKR,,62327.0,,,,,,,2024,1,93,,,,,,,,,,,,,,,,,,,,,,,,,,,,,,,,,,,,,,,,,,COMEDK,,,,,,,,,,,,,,,,,,,,,,,,,,,,,,,,,,,,,,,,,,,,,,,,,,
E108,"S J C Institute of Technology-BB Road, Chikkaballapur",GM,,75833.0,,,,,,,2024,1,65,,,,,,,,,,,,,,,,,,,,,,80141,,,,,,,,,,,,,,,,,,,,COMEDK,,,,,,,,,,,,,,,,,,,,,,,,,,,,,,,,,,,,,,,,,,,,,,,,,,
E108,"S J C Institute of Technology-BB Road, Chikkaballapur",GM,,99578.0,,,,,,,2024,1,93,,,,,,,,,,,,,,,,,,,,,,,,,,,,,,,,,,71706,,,,,,,,COMEDK,,,,,,,,,,,,,,,,,,,,,,,,,,,,,,,,,,,,,,,,,,,,,,,,,,
E108,"S J C Institute of Technology-BB Road, Chikkaballapur",GM,37012,89750.0,,,,,39937,,2024,1,9,,,,,,,,,,,,,,,,,,,,,,,,,,,,,,,,,,,,,,,,,,COMEDK,,,,,,,,,,,,,,,,,,,,,,,,,,,,,,,,,,,,,,,,,,,,,,,,,,
E109,"S.E.A. College of Engineering and Technology-K R Puram, Bengaluru",GM,,75342.0,,,,,,,2024,1,93,,,,,,,,,,,,,,,,,,,,,,,,,,,,,,,,,,,,,,,,,,COMEDK,,,,,,,,,,,,,,,,,,,,,,,,,,,,,,,,,,,,,,,,,,,,,,,,,,
E112,"Sahyadri College of Engineering and Management-Adyar, Mangaluru",GM,,75240.0,,,,,,,2024,1,93,,,,,,,,,,,,,,,,,,,,,,,,,,,,,,,,,,,,,,,,,,COMEDK,,,,,,,,,,,,,,,,,,,,,,,,,,,,,,,,,,,,,,,,,,,,,,,,,,
E112,"Sahyadri College of Engineering and Management-Adyar, Mangaluru",GM,,100708.0,,,,,,,2024,1,107,,,,,,,,,,,,,,,,,,,,,,,,,,,,,,,,,,,,,,,,,,COMEDK,,,,,,,,,,,,,,,,,,,,,,,,,,,,,,,,,,,,,,,,,,,,,,,,,,
E113,"Sai Vidya Institute of Technology-Rajan Kunte, Bengaluru",GM,,68855.0,,,,,,,2024,1,93,,,,,,,,,,,,,,,,,,,,,,,,,,,,,,,,,,94065,,,,,,,,COMEDK,,,,,,,,,,,,,,,,,,,,,,,,,,,,,,,,,,,,,,,,,,,,,,,,,,
E117,"SDM College of Engineering and Technology, Tulu Minority-Kalaghatagi, Dharwad",GM,,25547.0,,,,,,,2024,1,93,,,,,,,,,,,,,,,,,,,,,,,,,,,,,,,,,,63059,,,,,,,,COMEDK,,,,,,,,,,,,,,,,,,,,,,,,,,,,,,,,,,,,,,,,,,,,,,,,,,
E117,"SDM College of Engineering and Technology, Tulu Minority-Kalaghatagi, Dharwad",GM,,71844.0,,,,,,,2024,1,65,,,,,,,,,,,,,,,,,,,,,,29760,45870,,,,,,,,,,,,,,,,,,,COMEDK,,,,,,,,,,,,,,,,,,,,,,,,,,,,,,,,,,,,,,,,,,,,,,,,,,
E117,"SDM College of Engineering and Technology, Tulu Minority-Kalaghatagi, Dharwad",KKR,,38815.0,,,,,,,2024,1,93,,,,,,,,,,,,,,,,,,,,,,,,,,,,,,,,,,88313,,,,,,,,COMEDK,,,,,,,,,,,,,,,,,,,,,,,,,,,,,,,,,,,,,,,,,,,,,,,,,,
E118,"SDM Institute of Technology, Tulu Minority-Ujire, Dakshina Kannada",GM,,20502.0,,,,,,,2024,1,93,,,,,,,,,,,,,,,,,,,,,,,,,,,,,,,,,,,,,,,,,,COMEDK,,,,,,,,,,,,,,,,,,,,,,,,,,,,,,,,,,,,,,,,,,,,,,,,,,
E121,"Sri Sairam College of Engineering-Anekal, Bengaluru",GM,,101475.0,,,,,,,2024,1,94,,,,,,,,,,,,,,,,,,,,,,,,,,,,,,,,,,,,,,,,,,COMEDK,,,,,,,,,,,,,,,,,,,,,,,,,,,,,,,,,,,,,,,,,,,,,,,,,,
E124,"Shridevi Institute of Engineering and Technology-Sira Road, Tumakuru",GM,,95623.0,,,,,,,2024,1,94,,,,,,,,,,,,,,,,,,,,,,,,,,,,,,,,,,,,,,,,,,COMEDK,,,,,,,,,,,,,,,,,,,,,,,,,,,,,,,,,,,,,,,,,,,,,,,,,,
E125,"Siddaganga Institute of Technology-B H Road, Tumakuru",GM,,8022.0,,,,,,,2024,1,94,,,,,,,,,,,,,,,,,,,,,,,,,,,,,,,,,,,,,,,,,,COMEDK,,,,,,,,,,,,,,,,,,,,,,,,,,,,,,,,,,,,,,,,,,,,,,,,,,
E125,"Siddaganga Institute of Technology-B H Road, Tumakuru",KKR,,23599.0,,,,,,,2024,1,94,,,,,,,,,,,,,,,,,,,,,,,,,,,,,,,,,,,,,,,,,,COMEDK,,,,,,,,,,,,,,,,,,,,,,,,,,,,,,,,,,,,,,,,,,,,,,,,,,
E126,"Sir M.Visvesvaraya Institute of Technology-Yelahanka, Bengaluru",GM,,9407.0,,,,,,,2024,1,94,,,,,,,,,,,,,,,,,,,,,,,,,,,,,,,,,,26558,,,,,,,,COMEDK,,,,,,,,,,,,,,,,,,,,,,,,,,,,,,,,,,,,,,,,,,,,,,,,,,
E126,"Sir M.Visvesvaraya Institute of Technology-Yelahanka, Bengaluru",GM,,42903.0,,,,,,,2024,1,66,,,,,,,,,,,,,,,,,,,,,,12567,21187,,,,,,,,,,,,,,,,,,,COMEDK,,,,,,,,,,,,,,,,,,,,,,,,,,,,,,,,,,,,,,,,,,,,,,,,,,
E126,"Sir M.Visvesvaraya Institute of Technology-Yelahanka, Bengaluru",KKR,,35958.0,,,,,,,2024,1,94,,,,,,,,,,,,,,,,,,,,,,,,,,,,,,,,,,,,,,,,,,COMEDK,,,,,,,,,,,,,,,,,,,,,,,,,,,,,,,,,,,,,,,,,,,,,,,,,,
E128,"Smt. Kamala and Sri Venkappa M. Agadi College of Engineering and Technology-Laxmeswar, 
Gadag",GM,,58631.0,,,,,,,2024,1,94,,,,,,,,,,,,,,,,,,,,,,,,,,,,,,,,,,,,,,,,,,COMEDK,,,,,,,,,,,,,,,,,,,,,,,,,,,,,,,,,,,,,,,,,,,,,,,,,,
E132,"Sri Krishna Institute of Technology-Chikkabanavara, Bengaluru",GM,,31497.0,,,,,,,2024,1,94,,,,,,,,,,,,,,,,,,,,,,,,,,,,,,,,,,,,,,,,,,COMEDK,,,,,,,,,,,,,,,,,,,,,,,,,,,,,,,,,,,,,,,,,,,,,,,,,,
E137,"Sri Venkateshwara College of Engineering-KIAL Road, Bengaluru",GM,,40772.0,,,,,,,2024,1,66,,,,,,,,,,,,,,,,,,,47839,,,73974,,,,,,,,,,,,,,,,,,,,COMEDK,,,,,,,,,,,,,,,,,,,,,,,,,,,,,,,,,,,,,,,,,,,,,,,,,,
E137,"Sri Venkateshwara College of Engineering-KIAL Road, Bengaluru",GM,,65312.0,,,,,,,2024,1,94,,,,,,,,,,,,,,,,,,,,,,,,,,,,,,,,,,96306,,,,,,,,COMEDK,,,,,,,,,,,,,,,,,,,,,,,,,,,,,,,,,,,,,,,,,,,,,,,,,,
E138,"Srinivas Institute of Technology-Hampankatta, Mangaluru",GM,95741,57651.0,,61016,,,,100057,2024,1,11,,,,,,,,,,,,,,,,,,,,,,,,,,,,,,,,,,,,,,,,,,COMEDK,,,,,,,,,,,,,,,,,,,,,,,,,,,,,,,,,,,,,,,,,,,,,,,,,,
E141,"T. John Institute of Technology-Bannerghatta Road, Bengaluru",GM,,101705.0,,,,,,,2024,1,95,,,,,,,,,,,,,,,,,,,,,,,,,,,,,,,,,,,,,,,,,,COMEDK,,,,,,,,,,,,,,,,,,,,,,,,,,,,,,,,,,,,,,,,,,,,,,,,,,
E142,"The National Institute of Engineering South Campus-Mananthavady Road, Mysuru",GM,,32003.0,,,,,,,2024,1,67,,,,,,,,,,,,,,,,,,,,,,8863,16889,,,,,,,,,,,,,,,,,,,COMEDK,,,,,,,,,,,,,,,,,,,,,,,,,,,,,,,,,,,,,,,,,,,,,,,,,,
E142,"The National Institute of Engineering South Campus-Mananthavady Road, Mysuru",KKR,,89944.0,,,,,,,2024,1,67,,,,,,,,,,,,,,,,,,,,,,32111,87272,,,,,,,,,,,,,,,,,,,COMEDK,,,,,,,,,,,,,,,,,,,,,,,,,,,,,,,,,,,,,,,,,,,,,,,,,,
E145,"Vemana Institute of Technology-Koramangala, Bengaluru",GM,,44296.0,,,,,,,2024,1,67,,,,,,,,,,,,,,,,,,,,,,84548,,,,,,,,,,,,,,,,,,,,COMEDK,,,,,,,,,,,,,,,,,,,,,,,,,,,,,,,,,,,,,,,,,,,,,,,,,,
E145,"Vemana Institute of Technology-Koramangala, Bengaluru",GM,,100868.0,,,,,,,2024,1,95,,,,,,,,,,,,,,,,,,,,,,,,,,,,,,,,,,,,,,,,,,COMEDK,,,,,,,,,,,,,,,,,,,,,,,,,,,,,,,,,,,,,,,,,,,,,,,,,,
E146,"Vidya Vikas Institute of Engineering and Technology-Alnahally, Mysuru",GM,,64041.0,,,,,,,2024,1,95,,,,,,,,,,,,,,,,,,,,,,,,,,,,,,,,,,,,,,,,,,COMEDK,,,,,,,,,,,,,,,,,,,,,,,,,,,,,,,,,,,,,,,,,,,,,,,,,,
E147,"Vidyavardhaka College of Engineering-Gokulam, Mysuru",GM,,33615.0,,,,,,,2024,1,95,,,,,,,,,,,,,,,,,,,,,,,,,,,,,,,,,,50554,,,,,,,,COMEDK,,,,,,,,,,,,,,,,,,,,,,,,,,,,,,,,,,,,,,,,,,,,,,,,,,
E147,"Vidyavardhaka College of Engineering-Gokulam, Mysuru",GM,,57032.0,,,,,,,2024,1,67,,,,,,,,,,,,,,,,,,,,,,37389,39005,,,,,,,,,,,,,,,,,,,COMEDK,,,,,,,,,,,,,,,,,,,,,,,,,,,,,,,,,,,,,,,,,,,,,,,,,,
E147,"Vidyavardhaka College of Engineering-Gokulam, Mysuru",KKR,,81642.0,,,,,,,2024,1,95,,,,,,,,,,,,,,,,,,,,,,,,,,,,,,,,,,,,,,,,,,COMEDK,,,,,,,,,,,,,,,,,,,,,,,,,,,,,,,,,,,,,,,,,,,,,,,,,,
E149,"Vivekananda Institute of Technology-Kengeri, Bengaluru",GM,,79248.0,,,,,,,2024,1,67,,,,,,,,,,,,,,,,,,,,,,100912,,,,,,,,,,,,,,,,,,,,COMEDK,,,,,,,,,,,,,,,,,,,,,,,,,,,,,,,,,,,,,,,,,,,,,,,,,,
E149,"Vivekananda Institute of Technology-Kengeri, Bengaluru",GM,,102070.0,,,,,,,2024,1,95,,,,,,,,,,,,,,,,,,,,,,,,,,,,,,,,,,70302,,,,,,,,COMEDK,,,,,,,,,,,,,,,,,,,,,,,,,,,,,,,,,,,,,,,,,,,,,,,,,,
E156,"Jyothy Institute of Technology-Tathguni, Bengaluru",GM,,59489.0,,,,,,,2024,1,68,,,,,,,,,,,,,,,,,,,,,,100726,,,,,,,,,,,,,,,,,,,,COMEDK,,,,,,,,,,,,,,,,,,,,,,,,,,,,,,,,,,,,,,,,,,,,,,,,,,
E156,"Jyothy Institute of Technology-Tathguni, Bengaluru",GM,,65726.0,,,,,,,2024,1,96,,,,,,,,,,,,,,,,,,,,,,,,,,,,,,,,,,,,,,,,,,COMEDK,,,,,,,,,,,,,,,,,,,,,,,,,,,,,,,,,,,,,,,,,,,,,,,,,,
E156,"Jyothy Institute of Technology-Tathguni, Bengaluru",KKR,,100326.0,,,,,,,2024,1,96,,,,,,,,,,,,,,,,,,,,,,,,,,,,,,,,,,,,,,,,,,COMEDK,,,,,,,,,,,,,,,,,,,,,,,,,,,,,,,,,,,,,,,,,,,,,,,,,,
E164,"Reva University-Yelahanka, Bengaluru",GM,,42827.0,,,,,,,2024,1,68,,,,,,,,,,,,,,,,,,,,,,18730,27122,,,,,,,,,,,,,,,,,,,COMEDK,,,,,,,,,,,,,,,,,,,,,,,,,,,,,,,,,,,,,,,,,,,,,,,,,,
E165,"Alliance College of Engineering and Design. Alliance University-Anekal, Bengaluru",GM,,64220.0,,,,,,,2024,1,68,,,,,,,,,,,,,,,,,,,14830,,,20818,35657,,,,,,,,,,,,,,,,,,,COMEDK,,,,,,,,,,,,,,,,,,,,,,,,,,,,,,,,,,,,,,,,,,,,,,,,,,
E171,"GITAM Deemed to be University-Dodaballapur taluk, Bengaluru",GM,,57535.0,,,,,,,2024,1,40,,,,,,,,4818,,,,4471,,,,,,,,,,,,,,,,,,,,,,,,,,,,,,COMEDK,,,,,,,,,,,,,,,,,,,,,,,,,,,,,,,,,,,,,,,,,,,,,,,,,,
E172,"Mysore College of Engineering and Management-Chikkahalli, Mysuru",GM,,98849.0,,,,,,,2024,1,96,,,,,,,,,,,,,,,,,,,,,,,,,,,,,,,,,,83998,,,,,,,,COMEDK,,,,,,,,,,,,,,,,,,,,,,,,,,,,,,,,,,,,,,,,,,,,,,,,,,
E172,"Mysore College of Engineering and Management-Chikkahalli, Mysuru",GM,,99835.0,,,,,,,2024,1,68,,,,,,,,,,,,,,,,,,,,,,72251,,,,,,,,,,,,,,,,,,,,COMEDK,,,,,,,,,,,,,,,,,,,,,,,,,,,,,,,,,,,,,,,,,,,,,,,,,,
E173,"Presidency University-Yelahanka, Bengaluru",GM,,96361.0,,,,,,,2024,1,68,,,,,,,,,,,,,,,,,,,,,,,49532,,,,,,,,,,,,,,,,,,,COMEDK,,,,,,,,,,,,,,,,,,,,,,,,,,,,,,,,,,,,,,,,,,,,,,,,,,
E183,"Jain Institute of Technology-Avaragere Village, Davangere",GM,,101407.0,,,,,,,2024,1,96,,,,,,,,,,,,,,,,,,,,,,,,,,,,,,,,,,,,,,,,,,COMEDK,,,,,,,,,,,,,,,,,,,,,,,,,,,,,,,,,,,,,,,,,,,,,,,,,,
E186,"Nitte School of Architecture Planning and Design-Yelahanka, Bengaluru",GM,,100740.0,,,,,,,2024,1,26,,96464,,,,,,,,,,,,,,,,,,,,,,,,,,,,,,,,,,,,,,,,COMEDK,,,,,,,,,,,,,,,,,,,,,,,,,,,,,,,,,,,,,,,,,,,,,,,,,,
E194,"Jain College of Engineering and Technology-Unkal, Hubballi",GM,,92151.0,,,,,,,2024,1,69,,,,,,,,,,,,,,,,,,,,,,63198,,,,,,,,,,,,,,,,,,,,COMEDK,,,,,,,,,,,,,,,,,,,,,,,,,,,,,,,,,,,,,,,,,,,,,,,,,,
E197,"M.S. Ramaiah University of Applied Sciences-MSR Nagar, Bengaluru",GM,,13858.0,,,,,,,2024,1,69,,,,,,,,,,,,,,,,,,,,,,,,,,,,,,,,,,,,,,,,,,COMEDK,,,,,,,,,,,,,,,,,,,,,,,,,,,,,,,,,,,,,,,,,,,,,,,,,,
E197,"M.S. Ramaiah University of Applied Sciences-MSR Nagar, Bengaluru",KKR,,72451.0,,,,,,,2024,1,69,,,,,,,,,,,,,,,,,,,,,,,,,,,,,,,,,,,,,,,,,,COMEDK,,,,,,,,,,,,,,,,,,,,,,,,,,,,,,,,,,,,,,,,,,,,,,,,,,
E198,"R V Institute of Technology and Management-J P Nagar, Bengaluru",GM,,6919.0,,,,,,,2024,1,97,,,,,,,,,,,,,,,,,,,,,,,,,,,,,,,,,,,,,,,,,,COMEDK,,,,,,,,,,,,,,,,,,,,,,,,,,,,,,,,,,,,,,,,,,,,,,,,,,
E198,"R V Institute of Technology and Management-J P Nagar, Bengaluru",KKR,,21713.0,,,,,,,2024,1,97,,,,,,,,,,,,,,,,,,,,,,,,,,,,,,,,,,,,,,,,,,COMEDK,,,,,,,,,,,,,,,,,,,,,,,,,,,,,,,,,,,,,,,,,,,,,,,,,,
E203,"Amruta Institute of Engineering and Management Science-Bidadi, Ramnagar Taluk, Bengaluru 
Rural",GM,,88519.0,,,,,,,2024,1,69,,,,,,,,,,,,,,,,,,,,,,91090,,,,,,,,,,,,,,,,,,,,COMEDK,,,,,,,,,,,,,,,,,,,,,,,,,,,,,,,,,,,,,,,,,,,,,,,,,,
E203,"Amruta Institute of Engineering and Management Science-Bidadi, Ramnagar Taluk, Bengaluru 
Rural",GM,,100080.0,,,,,,,2024,1,97,,,,,,,,,,,,,,,,,,,,,,,,,,,,,,,,,,89867,,,,,,,,COMEDK,,,,,,,,,,,,,,,,,,,,,,,,,,,,,,,,,,,,,,,,,,,,,,,,,,
E206,"Cauvery Institute Of Technology-Sundahalli, Mandya",GM,,23389.0,,,,,,,2024,1,98,,,,,,,,,,,,,,,,,,,,,,,,,,,,,,,,,,20760,,,,,,,,COMEDK,,,,,,,,,,,,,,,,,,,,,,,,,,,,,,,,,,,,,,,,,,,,,,,,,,
E207,"BGS College of Engineering and Technology-Mahalaxmipuram, Bengaluru",GM,,40106.0,,,,,,,2024,1,98,,,,,,,,,,,,,,,,,,,,,,,,,,,,,,,,,,,,,,,,,,COMEDK,,,,,,,,,,,,,,,,,,,,,,,,,,,,,,,,,,,,,,,,,,,,,,,,,,
E207,"BGS College of Engineering and Technology-Mahalaxmipuram, Bengaluru",KKR,,92570.0,,,,,,,2024,1,98,,,,,,,,,,,,,,,,,,,,,,,,,,,,,,,,,,,,,,,,,,COMEDK,,,,,,,,,,,,,,,,,,,,,,,,,,,,,,,,,,,,,,,,,,,,,,,,,,
E211,"East West College of Engineering-Yelahanka, Bengaluru",GM,,98880.0,92709,,,,,,2024,1,14,,,,,,,,,,,,,,,,,,,,,,,,,,,,,,,,,,,,,,,,,,COMEDK,,,,,,,,,,,,,,,,,,,,,,,,,,,,,,,,,,,,,,,,,,,,,,,,,,
E212,"Seshadripuram Institute of Technology - Jaipura Hobli, Mysuru",GM,,75492.0,,,,,,,2024,1,98,,,,,,,,,,,,,,,,,,,,,,,,,,,,,,,,,,,,,,,,,,COMEDK,,,,,,,,,,,,,,,,,,,,,,,,,,,,,,,,,,,,,,,,,,,,,,,,,,
E001,"Acharya Institute of Technology-Soladevanahalli, Bengaluru",KKR,,75718.0,,,,,,,2024,2,10,,,,,,,,,,,,,,,,,,,,,,,68728,,,,,,,,,,,,,,,,,,,COMEDK,,,,,,,,,,,,,,,,,,,,,,,,,,,,,,,,,,,,,,,,,,,,,,,,,,
E015,"B.N.M. Institute of Technology-Banashankari, Bengaluru",KKR,,67647.0,,,,,,,2024,2,10,,,,,,,,,,,,,,,,,,,,,,,74480,,,,,,,,,,,,,,,,,,,COMEDK,,,,,,,,,,,,,,,,,,,,,,,,,,,,,,,,,,,,,,,,,,,,,,,,,,
E016,"KLE Technological University Formerly known as BVBCET-Vidyanagar, Hubballi",KKR,,60684.0,,,,,,,2024,2,10,,,,,,,,,,,,,,,,,,,,,,,87923,,,,,,,,,,,,,,,,,,,COMEDK,,,,,,,,,,,,,,,,,,,,,,,,,,,,,,,,,,,,,,,,,,,,,,,,,,
E019,"Bangalore Institute of Technology-V V Puram, Bengaluru",KKR,,44112.0,,,,,,,2024,2,10,,,,,,,,,,,,,,,,,,,,,,,67840,,,,32750,,,,,,,,,,,,,,,COMEDK,,,,,,,55888,,,,,,,,,,,,,,,,,,,,,,,,,,,,,,,,,,,,,,,,,,,
E027,"BMS College of Engineering-Basavanagudi, Bengaluru",KKR,,13973.0,,,,,,,2024,2,4,,,,,,,,,,,,,,,,,,,,,,,,,,,,,,,,,,,,,,,,,,COMEDK,,,,7825,,,,,,,,,,,,,,,,,,,,,,,,,,,,,,,,,,,,,,,,,,,,,,
E027,"BMS College of Engineering-Basavanagudi, Bengaluru",KKR,,16231.0,,,,,,,2024,2,10,,,,,,,,,,,,,,,,,,,,,,,,,,,10638,,,,,,,,,,,,,,,COMEDK,,,,,,,,,,,,,,,,,,,,,,,,,,,,,,,,,,,,,,,,,,,,,,,,,,
E028,"BMS Institute of Technology and Management-Yelahanka, Bengaluru",KKR,,27782.0,,,,,,,2024,2,4,,,,,,,,,,,,,,,,,,,,,,,,,,,,,,,,,,,,,,,,,,COMEDK,,,,,,,,,,,,,,,,,,,,,,,,,,,,,,,,,,,,,,,,,,,,,,,,,,
E028,"BMS Institute of Technology and Management-Yelahanka, Bengaluru",KKR,,46639.0,,,,,,,2024,2,10,,,,,,,,,,,,,,,,,,,,,,,,,,,,,,,,,,,,,,,,,,COMEDK,,,,,,,,,,,,,,,,,,,,,,,,,,,,,,,,,,,,,,,,,,,,,,,,,,
E032,"C.M.R. Institute of Technology-Brookefield, Bengaluru",KKR,,49792.0,,,,,,,2024,2,7,,,,,,,,,,,,,,,,38556,,,,,,,,,,,,,,,,,,,,,,,,,,COMEDK,,,,,,,,,,,,,,,,,,,,,,,,,,,,,,,,,,,,,,,,,,,,,,,,,,
E032,"C.M.R. Institute of Technology-Brookefield, Bengaluru",KKR,,89534.0,,,,,,,2024,2,10,,,,,,,,,,,,,,,,,,,,,,,,,,,,,,,,,,,,,,,,,,COMEDK,,,,,,,,,,,,,,,,,,,,,,,,,,,,,,,,,,,,,,,,,,,,,,,,,,
E039,"Dayananda Sagar Academy of Technology and Management-Kanakpura Road, Bengaluru",KKR,49312,66289.0,,,,,,,2024,2,10,,,,,,,,,,,,,,,,,,,,,,,,,,,62184,,,,,,,,,,,,,,,COMEDK,,,,,,,,,,,,,,,,,,,,,,,,,,,,,,,,,,,,,,,,,,,,,,,,,,
E040,"Dayananda Sagar College of Engineering-Kumaraswamy Layout, Bengaluru",KKR,,19497.0,,,,,,,2024,2,4,,,,,,,,,,22498,,,,,,,,,,,,,,,,,,,,,,,,,,,,,,,,COMEDK,,,,14035,,,,,,,,,,,,,,,,,,,,,,,,,,,,,,,,,,,,,,,,,,,,,,
E040,"Dayananda Sagar College of Engineering-Kumaraswamy Layout, Bengaluru",KKR,,68274.0,,,,,,,2024,2,1,,,,,,,,,,,,,,,,,,,,,,,,,,,,,,,,,,,,,,,,,,COMEDK,13569,,,,,,,,,,,,,,,,,,,,,,,,,,,,,,,,,,,,,,,,,,,,,,,,,
E040,"Dayananda Sagar College of Engineering-Kumaraswamy Layout, Bengaluru",KKR,14089,23868.0,,,,,,,2024,2,10,,,,,,,,,,,,,,,,,,,,,,,54735,,,,20086,,,,,,,,,,,,,,,COMEDK,,,,,,43743,74743,,,,,,,,,,,,,,,,,,,,,,,,,,,,,,,,,,,,,,,,,,,
E042,"Dr. Ambedkar Institute of Technology-Malathahalli, Bengaluru",KKR,,64294.0,,,,,,,2024,2,10,,,,,,,,,,,,,,,,,,,,,,,,,,,,,,,,,,,,,,,,,,COMEDK,,,,,,,,,,,,,,,,,,,,,,,,,,,,,,,,,,,,,,,,,,,,,,,,,,
E042,"Dr. Ambedkar Institute of Technology-Malathahalli, Bengaluru",KKR,,75830.0,,,,,,,2024,2,4,,,,,,,,,,,,,,,,,,,,,,,,,,,,,,,,,,,,,,,,,,COMEDK,,,,,,,,,,,,,,,,,,,,,,,,,,,,,,,,,,,,,,,,,,,,,,,,,,
E060,"JSS Academy of Technical Education-Kengeri Main Road, Bengaluru",KKR,,48989.0,,,,,,,2024,2,8,,,,,,,,,,,,,,,,49814,,,,,,,,,,,,,,,,,,,,,,,,,,COMEDK,,,,,,,,,,,,,,,,,,,,,,,,,,,,,,,,,,,,,,,,,,,,,,,,,,
E060,"JSS Academy of Technical Education-Kengeri Main Road, Bengaluru",KKR,,72382.0,,,,,,,2024,2,11,,,,,,,,,,,,,,,,,,,,,,,,,,,,,,,,,,,,,,,,,,COMEDK,,,,,,,,,,,,,,,,,,,,,,,,,,,,,,,,,,,,,,,,,,,,,,,,,,
E073,"KLS Gogte Institute of Technology-Udyambag, Belagavi",KKR,,64572.0,,,,,,,2024,2,8,,,,,,,,,,,,,,,,47299,,,,,,,,,,,,,,,,,,,,,,,,,,COMEDK,,,,,,,,,,,,,,,,,,,,,,,,,,,,,,,,,,,,,,,,,,,,,,,,,,
E073,"KLS Gogte Institute of Technology-Udyambag, Belagavi",KKR,,95557.0,,,,,,,2024,2,11,,,,,,,,,,,,,,,,,,,,,,,,,,,,,,,,,,,,,,,,,,COMEDK,,,,,,,,,,,,,,,,,,,,,,,,,,,,,,,,,,,,,,,,,,,,,,,,,,
E077,"M.S. Ramaiah Institute of Technology-MSR Nagar, Bengaluru",KKR,,7815.0,,,,,,,2024,2,8,,,,,,,,,,,,,,,,3723,,,,,,,,,,,,,,,,,,,,,,,,,,COMEDK,,,,,89944,,,,,,,,,,,,,,,,,,,,,,,,,,,,,,,,,,,,,,,,,,,,,
E077,"M.S. Ramaiah Institute of Technology-MSR Nagar, Bengaluru",KKR,12778,10929.0,,,,,,,2024,2,11,,,,,,,,,,,,,,,,,,,,,,,26576,,,,,,,,,,,,,,,,,,,COMEDK,,,,,,21114,11119,,,,,,,,,,,,,,,,,,,,,,,,,,,,,,,,,,,,,,,,,,,
E085,"The National Institute of Engineering North Campus-Koorgalli, Mysuru",KKR,,23421.0,,,,,,,2024,2,8,,,,,,,,,,,,,,,,18382,,,,,,,,,,,,,,,,,,,,,,,,,,COMEDK,,,,,,,,,,,,,,,,,,,,,,,,,,,,,,,,,,,,,,,,,,,,,,,,,,
E086,"Nitte Meenakshi Institute of Technology-Yelahanka, Bengaluru",KKR,,40977.0,,,,,,,2024,2,5,,,,,,,,,,,,,,,,,,,,,,,,,,,,,,,,,,,,,,,,,,COMEDK,,,,,,,,,,,,,,,,,,,,,,,,,,,,,,,,,,,,,,,,,,,,,,,,,,
E086,"Nitte Meenakshi Institute of Technology-Yelahanka, Bengaluru",KKR,,64435.0,,,,,,,2024,2,11,,,,,,,,,,,,,,,,,,,,,,,,,,,,,,,,,,,,,,,,,,COMEDK,,,,,,,,,,,,,,,,,,,,,,,,,,,,,,,,,,,,,,,,,,,,,,,,,,
E095,"R V College of Engineering-Mysore Road, Bengaluru",KKR,2834,5164.0,,,,,,,2024,2,11,,,,,,,,,,,,,,,,,,,,,,,18394,,,,,,,,,,,,,,,,,,,COMEDK,,,,,,,8527,,,,,,,,,,,,,,,,,,,,,,,,,,,,,,,,,,,,,,,,,,,
E095,"R V College of Engineering-Mysore Road, Bengaluru",KKR,35060,2235.0,,,,,,,2024,2,8,,,,,,,,,,,,,,,,705,,,,,,,,,,,,,,,,,,,,,,,,,,COMEDK,,,,,62399,,,,,,,,,,,,,,,,,,,,,,,,,,,,,,,,,,,,,,,,,,,,,
E104,"RNS Institute of Technology-R R Nagar Post, Bengaluru",KKR,,43912.0,,,,,,,2024,2,8,,,,,,,,,,,,,,,,36634,,,,,,,,,,,,,,,,,,,,,,,,,,COMEDK,,,,,,,,,,,,,,,,,,,,,,,,,,,,,,,,,,,,,,,,,,,,,,,,,,
E104,"RNS Institute of Technology-R R Nagar Post, Bengaluru",KKR,46381,65506.0,,,,,,,2024,2,11,,,,,,,,,,,,,,,,,,,,,,,,,,,,,,,,,,,,,,,,,,COMEDK,,,,,,,,,,,,,,,,,,,,,,,,,,,,,,,,,,,,,,,,,,,,,,,,,,
E117,"SDM College of Engineering and Technology, Tulu Minority-Kalaghatagi, Dharwad",KKR,,93641.0,,,,,,,2024,2,12,,,,,,,,,,,,,,,,,,,,,,,74459,,,,,,,,,,,,,,,,,,,COMEDK,,,,,,,,,,,,,,,,,,,,,,,,,,,,,,,,,,,,,,,,,,,,,,,,,,
E125,"Siddaganga Institute of Technology-B H Road, Tumakuru",KKR,,20547.0,,,,,,,2024,2,9,,,,,,,,,,,,,,,,17193,,,,,,,,,,,,,,,,,,,,,,,,,,COMEDK,,,,,,,,,,,,,,,,,,,,,,,,,,,,,,,,,,,,,,,,,,,,,,,,,,
E125,"Siddaganga Institute of Technology-B H Road, Tumakuru",KKR,,39408.0,,,,,,,2024,2,12,,,,,,,,,,,,,,,,,,,,,,,,,,,,,,,,,,,,,,,,,,COMEDK,,,,,,,,,,,,,,,,,,,,,,,,,,,,,,,,,,,,,,,,,,,,,,,,,,
E126,"Sir M.Visvesvaraya Institute of Technology-Yelahanka, Bengaluru",KKR,,89012.0,,,,,,,2024,2,12,,,,,,,,,,,,,,,,,,,,,,,,,,,64214,,,,,,,,,,,,,,,COMEDK,,,,,,,,,,,,,,,,,,,,,,,,,,,,,,,,,,,,,,,,,,,,,,,,,,
E142,"The National Institute of Engineering South Campus-Mananthavady Road, Mysuru",KKR,,32970.0,,,,,,,2024,2,12,,,,,,,,,,,,,,,,,,,,,,,87272,,,,,,,,,,,,,,,,,,,COMEDK,,,,,,,,,,,,,,,,,,,,,,,,,,,,,,,,,,,,,,,,,,,,,,,,,,
E164,"Reva University-Yelahanka, Bengaluru",KKR,,82731.0,,,,,,,2024,2,12,,,,,,,,,,,,,,,,,,,,,,,,,,,,,,,,,,,,,,,,,,COMEDK,,,,,,,,,,,,,,,,,,,,,,,,,,,,,,,,,,,,,,,,,,,,,,,,,,
E165,"Alliance College of Engineering and Design. Alliance University-Anekal, Bengaluru",KKR,,99005.0,,,,,,,2024,2,15,,,,,,,,,,,,,,,,,,,,,,,,,,,,,,,,,,,,,,,,,,COMEDK,,,,,,,,,,,,,,,,,,,,,,,,,,,,,,,,,,,,,,,,,,,,,,,,,,
E171,"GITAM Deemed to be University-Dodaballapur taluk, Bengaluru",KKR,,83900.0,,,,,,,2024,2,9,,,,,,,,,,,,,,,,68663,,,,,,,,,,,,,,,,,,,,,,,,,,COMEDK,,,,,,,,,,,,,,,,,,,,,,,,,,,,,,,,,,,,,,,,,,,,,,,,,,
E198,"R V Institute of Technology and Management-J P Nagar, Bengaluru",KKR,,32764.0,,,,,,,2024,2,12,,,,,,,,,,,,,,,,,,,,,,,,,,,,,,,,,,,,,,,,,,COMEDK,,,,,,,,,,,,,,,,,,,,,,,,,,,,,,,,,,,,,,,,,,,,,,,,,,
E001,"Acharya Institute of Technology-Soladevanahalli, Bengaluru",GM,,27702.0,,,,,,,2024,2,33,,,,,,,,,,,,,,,,,,,,,,,,,,,,,,,,,,,,,,,,,,COMEDK,,,,,,,,,,,,,,,,,,,,,,,,,,,,,,,,,,,,,,,,,,,,,,,,,,
E001,"Acharya Institute of Technology-Soladevanahalli, Bengaluru",GM,,87175.0,,,,,,,2024,2,1,,,,,,,,,,,,,,,,,,,,,,,,,,,,,,,,,,,,,,,,,,COMEDK,30872,,,,,,,,,,,,,,,,,,,,,,,,,,,,,,,,,,,,,,,,,,,,,,,,,
E003,"A.C.S. College of Engineering-Kambipura Mysore Road, Bengaluru",GM,,99710.0,,,,,,,2024,2,33,,,,,,,,,,,,,,,,,,,83190,,,,,,,,,,,,,,,,,,,,,,,COMEDK,,,,,,,,,,,,,,,,,,,,,,,,,,,,,,,,,,,,,,,,,,,,,,,,,,
E004,"Adichunchanagiri Institute Of Technology-Jyothi Nagara, Chikkamagaluru",GM,,94331.0,,,,,,,2024,2,33,,,,,,,,,,,,,,,,,,,,,,,,,,,,,,,,,,,,,,,,,,COMEDK,,,,,,,,,,,,,,,,,,,,,,,,,,,,,,,,,,,,,,,,,,,,,,,,,,
E005,"Akash Institute of Engineering and Technology-Devanahalli, Bengaluru Rural",GM,,47617.0,,,,,,,2024,2,33,,,,,,,,,,,,,,,,,,,28781,,,,,,,,,,,,,,,,,,,,,,,COMEDK,,,,,,,,,,,,,,,,,,,,,,,,,,,,,,,,,,,,,,,,,,,,,,,,,,
E006,"Alvas Institute of Engineering and Technology-Moodbidri, Mangaluru",GM,,96523.0,,,,,,,2024,2,33,,,,,,,,,,,,,,,,,,,,,,,,,,,,,,,,,,,,,,,,,,COMEDK,,,,,,,,,,,,,,,,,,,,,,,,,,,,,,,,,,,,,,,,,,,,,,,,,,
E007,"AMC Engineering College-Bannerghatta Rd, Bengaluru",GM,,67344.0,,,,,,,2024,2,33,,,,,,,,,,,,,,,,,,,,,,,,,,,,,,,,,,,,,,,,,,COMEDK,,,,,51676,,,,,,,,,,,,,,,,,,,,,,,,,,,,,,,,,,,,,,,,,,,,,
E007,"AMC Engineering College-Bannerghatta Rd, Bengaluru",GM,,86167.0,,,,,,,2024,2,1,,,,,,,,,,,,,,,,,,,,,,,,,,,,,,,,,,,,,,,,,,COMEDK,91258,,,,,,,,,,,,,,,,,,,,,,,,,,,,,,,,,,,,,,,,,,,,,,,,,
E009,"Angadi Institute of Technology and Management-Savagaon Road, Belagavi",GM,,86707.0,,,,,,,2024,2,33,,,,,,,,,,,,,,,,,,,,,,,,,,,,,,,,,,,,,,,,,,COMEDK,,,,,,,,,,,,,,,,,,,,,,,,,,,,,,,,,,,,,,,,,,,,,,,,,,
E011,"APS College of Engineering-Kanakapura Road, Bengaluru",GM,,94338.0,,,,,,,2024,2,33,,,,,,,,,,,,,,,,,,,,,,,,,,,,,,,,,,,,,,,,,,COMEDK,,,,,,,,,,,,,,,,,,,,,,,,,,,,,,,,,,,,,,,,,,,,,,,,,,
E012,"Atria Institute of Technology-Hebbal, Bengaluru",GM,,46740.0,,,,,,,2024,2,33,,,,,,,,,,,,,,,,,,,,,,,,,,,,,,,,,,,,,,,,,,COMEDK,,,,,,,,,,,,,,,,,,,,,,,,,,,,,,,,,,,,,,,,,,,,,,,,,,
E014,"Bharatesh Institute of Technology-Shindhollicross, Belagavi",GM,,56249.0,,,,,,,2024,2,33,,,,,,,,,,,,,,,,,,,,,,,,,,,,,,,,,,,,,,,,,,COMEDK,,,,,,,,,,,,,,,,,,,,,,,,,,,,,,,,,,,,,,,,,,,,,,,,,,
E015,"B.N.M. Institute of Technology-Banashankari, Bengaluru",GM,,16889.0,,,,,,,2024,2,33,,,,,,,,,,,,,,,,,,,,,,,,,,,,,,,,,,,,,,,,,,COMEDK,,,,,,,,,,,,,,,,,,,,,,,,,,,,,,,,,,,,,,,,,,,,,,,,,,
E016,"KLE Technological University Formerly known as BVBCET-Vidyanagar, Hubballi",GM,,16998.0,,,,,,,2024,2,33,,,,,,,,,,,,,,,,,,,,,,,,,,,,,,,,,,,,,,,,,,COMEDK,,,,,94080,,,,,,,,,,,,,,,,,,,,,,,,,,,,,,,,,,,,,,,,,,,,,
E017,"Ballari Institute of Technology And Management-Near Allipura, Ballari",GM,,87561.0,,,,,,,2024,2,33,,,,,,,,,,,,,,,,,,,,,,,,,,,,,,,,,,,,,,,,,,COMEDK,,,,,,,,,,,,,,,,,,,,,,,,,,,,,,,,,,,,,,,,,,,,,,,,,,
E018,"Bangalore College of Engineering and Technology-Chandapura, Bengaluru",GM,,44591.0,,,,,,,2024,2,33,,,,,,,,,,,,,,,,,,,,,,,,,,,,,,,,,,,,,,,,,,COMEDK,,,,,,,,,,,,,,,,,,,,,,,,,,,,,,,,,,,,,,,,,,,,,,,,,,
E019,"Bangalore Institute of Technology-V V Puram, Bengaluru",GM,,6537.0,,,,,,,2024,2,33,,,,,,,,,,,,,,,,,,,,,,,,,,,,,,,,,,,,,,,,,,COMEDK,,,,,97516,,,,,,,,,,,,,,,,,,,,,,,,,,,,,,,,,,,,,,,,,,,,,
E020,"Bangalore Technological Institute-Chikkanayakanahalli Dinne, Bengaluru",GM,,98636.0,,,,,,,2024,2,33,,,,,,,,,,,,,,,,,,,,,,,,,,,,,,,,,,,,,,,,,,COMEDK,,,,,,,,,,,,,,,,,,,,,,,,,,,,,,,,,,,,,,,,,,,,,,,,,,
E021,"Bapuji Institute of Engineering and Technology-Shamanur Road, Davangere",GM,,61039.0,,,,,,,2024,2,33,,,,,,,,,,,,,,,,,,,,,,,,,,,,,,,,,,,,,,,,,,COMEDK,,,,,,,,,,,,,,,,,,,,,,,,,,,,,,,,,,,,,,,,,,,,,,,,,,
E024,"Basaveshwar Engineering College-Vidya Nagar, Bagalkote",GM,,76915.0,,,,,,,2024,2,33,,,,,,,,,,,,,,,,,,,,,,,,,,,,,,,,,,,,,,,,,,COMEDK,,,,,75052,,,,,,,,,,,,,,,,,,,,,,,,,,,,,,,,,,,,,,,,,,,,,
E026,"BLDEAs V.P. Dr.P.G.Halakatti College of Engineering and Technology-Ashram Road, 
Vijayapura",GM,,93560.0,,,,,,,2024,2,33,,,,,,,,,,,,,,,,,,,,,,,,,,,,,,,,,,,,,,,,,,COMEDK,,,,,,,,,,,,,,,,,,,,,,,,,,,,,,,,,,,,,,,,,,,,,,,,,,
E027,"BMS College of Engineering-Basavanagudi, Bengaluru",GM,,2365.0,,,,,,,2024,2,34,,,,,,,,,,,,,,,,,,,,,,,,,,,,,,,,,,,,,,,,,,COMEDK,,,,,28307,,,,,,,,,,,,,,,,,,,,,,,,,,,,,,,,,,,,,,,,,,,,,
E027,"BMS College of Engineering-Basavanagudi, Bengaluru",GM,,21818.0,,,,,,,2024,2,26,,,,,,,,,,,,,,,,,,,,,,,,,,,,,,,,,,,,,,,,,,COMEDK,,,,,,,,,,,,,,,,,,,,,,,,,,,,,,,,,,,,,,,,,,,,,,,,,,
E028,"BMS Institute of Technology and Management-Yelahanka, Bengaluru",GM,,7109.0,,,,,,,2024,2,34,,,,,,,,,,,,,,,,,,,,,,,,,,,,,,,,,,,,,,,,,,COMEDK,,,,,48530,,,,,,,,,,,,,,,,,,,,,,,,,,,,,,,,,,,,,,,,,,,,,
E030,"Brindavan College of Engineering-Yelahanka, Bengaluru",GM,,96735.0,,,,,,,2024,2,34,,,,,,,,,,,,,,,,,,,,,,,,,,,,,,,,,,,,,,,,,,COMEDK,,,,,,,,,,,,,,,,,,,,,,,,,,,,,,,,,,,,,,,,,,,,,,,,,,
E032,"C.M.R. Institute of Technology-Brookefield, Bengaluru",GM,,13498.0,,,,,,,2024,2,34,,,,,,,,,,,,,,,,,,,,,,,,,,,,,,,,,,,,,,,,,,COMEDK,,,,,,,,,,,,,,,,,,,,,,,,,,,,,,,,,,,,,,,,,,,,,,,,,,
E033,"Cambridge Institute of Technology-K R Puram, Bengaluru",GM,,30395.0,,,,,,,2024,2,34,,,,,,,,,,,,,,,,,,,,,,,,,,,,,,,,,,,,,,,,,,COMEDK,,,,,86899,,,,,,,,,,,,,,,,,,,,,,,,,,,,,,,,,,,,,,,,,,,,,
E035,"Channabasaveshwara Institute of Technology- Gubbi, Tumakuru",GM,,89505.0,,,,,,,2024,2,34,,,,,,,,,,,,,,,,,,,,,,,,,,,,,,,,,,,,,,,,,,COMEDK,,,,,,,,,,,,,,,,,,,,,,,,,,,,,,,,,,,,,,,,,,,,,,,,,,
E038,"Coorg Institute of Technology-Ponnampet, South Kodagu",GM,,101248.0,,,,,,,2024,2,34,,,,,,,,,,,,,,,,,,,,,,,,,,,,,,,,,,,,,,,,,,COMEDK,,,,,,,,,,,,,,,,,,,,,,,,,,,,,,,,,,,,,,,,,,,,,,,,,,
E039,"Dayananda Sagar Academy of Technology and Management-Kanakpura Road, 
Bengaluru",GM,,21935.0,,,,,,,2024,2,34,,,,,,,,,,,,,,,,,,,24214,,,,,,,,,,,,,,,,,,,,,,,COMEDK,,,,,,,,,,,,,,,,,,,,,,,,,,,,,,,,,,,,,,,,,,,,,,,,,,
E040,"Dayananda Sagar College of Engineering-Kumaraswamy Layout, Bengaluru",GM,,3657.0,,,,,,,2024,2,34,,,,,,,,,,,,,,,,,,,4400,,,,,,,,,,,,,,,,,,,,,,,COMEDK,,,,,52145,,,,,,,,,,,,,,,,,,,,,,,,,,,,,,,,,,,,,,,,,,,,,
E040,"Dayananda Sagar College of Engineering-Kumaraswamy Layout, Bengaluru",GM,,24269.0,,,,,,,2024,2,2,,,,,,,,,,,,,,,,,,,,,,,,,,,,,,,,,,,,,,,,,,COMEDK,4314,,,,,,,,,,,,,,,,,,,,,,,,,,,,,,,,,,,,,,,,,,,,,,,,,
E040,"Dayananda Sagar College of Engineering-Kumaraswamy Layout, Bengaluru",GM,5261,31853.0,,,,,,,2024,2,26,,,,,,,,,,,,,,,,,,,,,,,,,,,,,,,,,,,,,,,,,,COMEDK,,,,,,,,,,,,,,,,,,,,,,,,,,,,,,,,,,,,,,,,,,,,,,,,,,
E041,"DON BOSCO Institute of Technology-Kumbalgodu, Bengaluru",GM,,101294.0,,,,,,,2024,2,34,,,,,,,,,,,,,,,,,,,,,,,,,,,,,,,,,,,,,,,,,,COMEDK,,,,,,,,,,,,,,,,,,,,,,,,,,,,,,,,,,,,,,,,,,,,,,,,,,
E042,"Dr. Ambedkar Institute of Technology-Malathahalli, Bengaluru",GM,,22388.0,,,,,,,2024,2,34,,,,,,,,,,,,,,,,,,,,,,,,,,,,,,,,,,,,,,,,,,COMEDK,,,,,46972,,,,,,,,,,,,,,,,,,,,,,,,,,,,,,,,,,,,,,,,,,,,,
E042,"Dr. Ambedkar Institute of Technology-Malathahalli, Bengaluru",GM,,90800.0,,,,,,,2024,2,2,,,,,,,,,,,,,,,,,,,,,,,,,,,,,,,,,,,,,,,,,,COMEDK,26165,,,,,,,,,,,,,,,,,,,,,,,,,,,,,,,,,,,,,,,,,,,,,,,,,
E045,"Dr H N National College Of Engineering-Jayanagar, Bengaluru",GM,,100705.0,,,,,,,2024,2,34,,,,,,,,,,,,,,,,,,,,,,,,,,,,,,,,,,,,,,,,,,COMEDK,,,,,,,,,,,,,,,,,,,,,,,,,,,,,,,,,,,,,,,,,,,,,,,,,,
E046,"East Point College of Engineering and Technology-Avalahalli, Bengaluru",GM,,96649.0,,,,,,,2024,2,34,,,,,,,,,,,,,,,,,,,,,,,,,,,,,,,,,,,,,,,,,,COMEDK,,,,,,,,,,,,,,,,,,,,,,,,,,,,,,,,,,,,,,,,,,,,,,,,,,
E048,"East West Institute of Technology-BEL Layout, Bengaluru",GM,,94259.0,,,,,,,2024,2,34,,,,,,,,,,,,,,,,,,,,,,,,,,,,,,,,,,,,,,,,,,COMEDK,,,,,,,,,,,,,,,,,,,,,,,,,,,,,,,,,,,,,,,,,,,,,,,,,,
E050,"Global Academy of Technology-Rajarajeshwari Nagar, Bengaluru",GM,,42559.0,,,,,,,2024,2,34,,,,,,,,,,,,,,,,,,,,,,,,,,,,,,,,,,,,,,,,,,COMEDK,,,,,,,,,,,,,,,,,,,,,,,,,,,,,,,,,,,,,,,,,,,,,,,,,,
E050,"Global Academy of Technology-Rajarajeshwari Nagar, Bengaluru",GM,66938,99746.0,,,,,,,2024,2,2,,,,,,,,,,,,,,,,,,,,,,,,,,,,,,,,,,,,,,,,,,COMEDK,52374,,,,,,,,,,,,,,,,,,,,,,,,,,,,,,,,,,,,,,,,,,,,,,,,,
E051,"GM Institute of Technology-P B Road, Davangere",GM,,101537.0,,,,,,,2024,2,34,,,,,,,,,,,,,,,,,,,,,,,,,,,,,,,,,,,,,,,,,,COMEDK,,,,,,,,,,,,,,,,,,,,,,,,,,,,,,,,,,,,,,,,,,,,,,,,,,
E053,"Gopalan College of Engineering And Management-Whitefield, Bengaluru",GM,,81358.0,,,,,,,2024,2,35,,,,,,,,,,,,,,,,,,,,,,,,,,,,,,,,,,,,,,,,,,COMEDK,,,,,,,,,,,,,,,,,,,,,,,,,,,,,,,,,,,,,,,,,,,,,,,,,,
E055,"GSSS Institute of Engineering and Technology for Women-Metagalli, Mysuru",GM,,35678.0,,,,,,,2024,2,35,,,,,,,,,,,,,,,,,,,,,,,,,,,,,,,,,,,,,,,,,,COMEDK,,,,,,,,,,,,,,,,,,,,,,,,,,,,,,,,,,,,,,,,,,,,,,,,,,
E058,"Sri Jayachamarajendra College of Engineering constituent college of JSS Science 
and Technology University-Manasagangothri, Mysuru",GM,,3137.0,,,,,,,2024,2,35,,,,,,,,,,,,,,,,,,,,,,,,,,,,,,,,,,,,,,,,,,COMEDK,,,,,,,,,,,,,,,,,,,,,,,,,,,,,,,,,,,,,,,,,,,,,,,,,,
E059,"Jawaharlal Nehru New College of Engineering JNNCE-Swalanga Road, Shivamogga",GM,,64634.0,,,,,,,2024,2,35,,,,,,,,,,,,,,,,,,,,,,,,,,,,,,,,,,,,,,,,,,COMEDK,,,,,,,,,,,,,,,,,,,,,,,,,,,,,,,,,,,,,,,,,,,,,,,,,,
E060,"JSS Academy of Technical Education-Kengeri Main Road, Bengaluru",GM,,20631.0,,,,,,,2024,2,35,,,,,,,,,,,,,,,,,,,,,,,,,,,,,,,,,,,,,,,,,,COMEDK,,,,,83560,,,,,,,,,,,,,,,,,,,,,,,,,,,,,,,,,,,,,,,,,,,,,
E062,"Jain College of Engineering-T.S Nagar, Belagavi",GM,,100802.0,,,,,,,2024,2,35,,,,,,,,,,,,,,,,,,,,,,,,,,,,,,,,,,,,,,,,,,COMEDK,,,,,,,,,,,,,,,,,,,,,,,,,,,,,,,,,,,,,,,,,,,,,,,,,,
E064,"Jain College of Engineering and Research-Udyambag, Belagavi",GM,,101323.0,,,,,,,2024,2,35,,,,,,,,,,,,,,,,,,,,,,,,,,,,,,,,,,,,,,,,,,COMEDK,,,,,42421,,,,,,,,,,,,,,,,,,,,,,,,,,,,,,,,,,,,,,,,,,,,,
E065,"KLE Technological University  Formerly called as KLE Dr. M.S. Sheshgiri College of 
Engineering and Technology-Udyambag, Belagavi",GM,,53562.0,,,,,,,2024,2,35,,,,,,,,,,,,,,,,,,,,,,,,,,,,,,,,,,,,,,,,,,COMEDK,,,,,,,,,,,,,,,,,,,,,,,,,,,,,,,,,,,,,,,,,,,,,,,,,,
E066,"KLE College of Engineering and Technology-Chikodi Dist., Belagavi",GM,,90921.0,,,,,,,2024,2,35,,,,,,,,,,,,,,,,,,,,,,,,,,,,,,,,,,,,,,,,,,COMEDK,,,,,,,,,,,,,,,,,,,,,,,,,,,,,,,,,,,,,,,,,,,,,,,,,,
E067,"K.S School of Engineering And Management-Off Kanakapura Road, Bengaluru",GM,,93988.0,,,,,,,2024,2,35,,,,,,,,,,,,,,,,,,,,,,,,,,,,,,,,,,,,,,,,,,COMEDK,,,,,,,,,,,,,,,,,,,,,,,,,,,,,,,,,,,,,,,,,,,,,,,,,,
E068,"K.S. Institute of Technology-Kanakapura Main Road, Bengaluru",GM,,89820.0,,,,,,,2024,2,35,,,,,,,,,,,,,,,,,,,,,,,,,,,,,,,,,,,,,,,,,,COMEDK,,,,,,,,,,,,,,,,,,,,,,,,,,,,,,,,,,,,,,,,,,,,,,,,,,
E071,"Karavali Institute of Technology-Kottara, Mangaluru",GM,,20667.0,,,,,,,2024,2,35,,,,,,,,,,,,,,,,,,,,,,,,,,,,,,,,,,,,,,,,,,COMEDK,,,,,,,,,,,,,,,,,,,,,,,,,,,,,,,,,,,,,,,,,,,,,,,,,,
E072,"K L E  Institute of Technology-Gokul, Hubbali",GM,,55567.0,,,,,,,2024,2,35,,,,,,,,,,,,,,,,,,,,,,,,,,,,,,,,,,,,,,,,,,COMEDK,,,,,,,,,,,,,,,,,,,,,,,,,,,,,,,,,,,,,,,,,,,,,,,,,,
E073,"KLS Gogte Institute of Technology-Udyambag, Belagavi",GM,,34599.0,,,,,,,2024,2,35,,,,,,,,,,,,,,,,,,,,,,,,,,,,,,,,,,,,,,,,,,COMEDK,,,,,,,,,,,,,,,,,,,,,,,,,,,,,,,,,,,,,,,,,,,,,,,,,,
E073,"KLS Gogte Institute of Technology-Udyambag, Belagavi",GM,,61104.0,,,,,,,2024,2,3,,,,,,,,,,,,,,,,,,,,,,,,,,,,,,,,,,,,,,,,,,COMEDK,,,,,,,,,,,,,,,,,,,,,,,,,,,,,,,,,,,,,,,,,,,,,,,,,,
E074,"KLS Vishwanathrao Deshpande Institute of Technology-Dandeli Road, Haliyal",GM,,96723.0,,,,,,,2024,2,35,,,,,,,,,,,,,,,,,,,,,,,,,,,,,,,,,,,,,,,,,,COMEDK,,,,,,,,,,,,,,,,,,,,,,,,,,,,,,,,,,,,,,,,,,,,,,,,,,
E075,"KNS Institute of Technology-Yelahanka, Bengaluru",GM,,68529.0,,,,,,,2024,2,35,,,,,,,,,,,,,,,,,,,,,,,,,,,,,,,,,,,,,,,,,,COMEDK,,,,,,,,,,,,,,,,,,,,,,,,,,,,,,,,,,,,,,,,,,,,,,,,,,
E076,"M.S. Engineering College-Sadahalli, Bengaluru",GM,,82217.0,,,,,,,2024,2,36,,,,,,,,,,,,,,,,,,,,,,,,,,,,,,,,,,,,,,,,,,COMEDK,,,,,,,,,,,,,,,,,,,,,,,,,,,,,,,,,,,,,,,,,,,,,,,,,,
E077,"M.S. Ramaiah Institute of Technology-MSR Nagar, Bengaluru",GM,,1177.0,,,,,,,2024,2,36,,,,,,,,,,,,,,,,,,,2486,,,,,,,,,,,,,,,,,,,,,,,COMEDK,,,,,29018,,,,,,,,,,,,,,,,,,,,,,,,,,,,,,,,,,,,,,,,,,,,,
E077,"M.S. Ramaiah Institute of Technology-MSR Nagar, Bengaluru",GM,,24084.0,,,,,,,2024,2,28,,,,,,,,,,,,,,,,,,,,,,,,,,,,,,,,,,,,,,,,,,COMEDK,,,,,,,,,,,,,,1873,,,,,,,,,,,,,,,,,,,,,,,,,,,,,,,,,,,,
E078,"Maharaja Institute of Technology-Belawadi, Mandya",GM,,85186.0,,,,,,,2024,2,36,,,,,,,,,,,,,,,,,,,,,,,,,,,,,,,,,,,,,,,,,,COMEDK,,,,,,,,,,,,,,,,,,,,,,,,,,,,,,,,,,,,,,,,,,,,,,,,,,
E079,"Malnad College of Engineering-Rangoli Halla, Hassan",GM,,77630.0,,,,,,,2024,2,36,,,,,,,,,,,,,,,,,,,,,,,,,,,,,,,,,,,,,,,,,,COMEDK,,,,,,,,,,,,,,,,,,,,,,,,,,,,,,,,,,,,,,,,,,,,,,,,,,
E080,"Mangalore Institute of Technology and Engineering-Moodbidri, Mangaluru",GM,,64527.0,,,,,,,2024,2,36,,,,,,,,,,,,,,,,,,,,,,,,,,,,,,,,,,,,,,,,,,COMEDK,,,,,,,,,,,,,,,,,,,,,,,,,,,,,,,,,,,,,,,,,,,,,,,,,,
E082,"Maharaja Institute of Technology-Thandavapura, Mysuru",GM,,93542.0,,,,,,,2024,2,36,,,,,,,,,,,,,,,,,,,,,,,,,,,,,,,,,,,,,,,,,,COMEDK,,,,,77427,,,,,,,,,,,,,,,,,,,,,,,,,,,,,,,,,,,,,,,,,,,,,
E084,"Nagarjuna College of Engineering And Technology-Devanahalli, Bengaluru",GM,,98172.0,,,,,,,2024,2,36,,,,,,,,,,,,,,,,,,,,,,,,,,,,,,,,,,,,,,,,,,COMEDK,,,,,,,,,,,,,,,,,,,,,,,,,,,,,,,,,,,,,,,,,,,,,,,,,,
E085,"The National Institute of Engineering North Campus-Koorgalli, Mysuru",GM,,6952.0,,,,,,,2024,2,36,,,,,,,,,,,,,,,,,,,,,,,,,,,,,,,,,,,,,,,,,,COMEDK,,,,,,,,,,,,,,,,,,,,,,,,,,,,,,,,,,,,,,,,,,,,,,,,,,
E086,"Nitte Meenakshi Institute of Technology-Yelahanka, Bengaluru",GM,,9907.0,,,,,,,2024,2,36,,,,,,,,,,,,,,,,,,,,,,,,,,,,,,,,,,,,,,,,,,COMEDK,,,,,94905,,,,,,,,,,,,,,,,,,,,,,,,,,,,,,,,,,,,,,,,,,,,,
E086,"Nitte Meenakshi Institute of Technology-Yelahanka, Bengaluru",GM,11080,47349.0,,,,,,,2024,2,4,,,,,,,,,,,,,,,,,,,,,,,,,,,,,,,,,,,,,,,,,,COMEDK,10581,,,,,,,,,,,,,,,,,,,,,,,,,,,,,,,,,,,,,,,,,,,,,,,,,
E088,"Navodaya Institute of Technology-Bijangera, Raichur",GM,,19052.0,,,,,,,2024,2,36,,,,,,,,,,,,,,,,,,,,,,,,,,,,,,,,,,,,,,,,,,COMEDK,,,,,,,,,,,,,,,,,,,,,,,,,,,,,,,,,,,,,,,,,,,,,,,,,,
E089,"P.E.S.College of Engineering-PES College Road, Mandya",GM,,24037.0,,,,,,,2024,2,36,,,,,,,,,,,,,,,,,,,,,,,,,,,,,,,,,,,,,,,,,,COMEDK,,,,,87141,,,,,,,,,,,,,,,,,,,,,,,,,,,,,,,,,,,,,,,,,,,,,
E090,"PES Institute of Technology and Management-Kotegangoor Cost, Shivamogga",GM,,62711.0,,,,,,,2024,2,36,,,,,,,,,,,,,,,,,,,,,,,,,,,,,,,,,,,,,,,,,,COMEDK,,,,,,,,,,,,,,,,,,,,,,,,,,,,,,,,,,,,,,,,,,,,,,,,,,
E090,"PES Institute of Technology and Management-Kotegangoor Cost, Shivamogga",GM,,102243.0,,,,,,,2024,2,60,,,,,,,,,,,,,,,,,,,,,,,,,,,,,,,,,,54124,,,,,,,,COMEDK,,,,,,,,,,,,,,,,,,,,,,,,,,,,,,,,,,,,,,,,,,,,,,,,,,
E095,"R V College of Engineering-Mysore Road, Bengaluru",GM,,328.0,,,,,,,2024,2,36,,,,,,,,,,,,,,,,,,,647,,,,,,,,,,,,,,,,,,,,,,,COMEDK,,,,,15050,,,,,,,,,,,,,,,,,,,,,,,,,,,,,,,,,,,,,,,,,,,,,
E095,"R V College of Engineering-Mysore Road, Bengaluru",GM,,10628.0,,,,,,,2024,2,28,,,,,,,,,,,,,,,,,,,,,,,,,,,,,,,,,,,,,,,,,,COMEDK,,,,,,,,,,,,,,541,,,,,,,,,,,,,,,,,,,,,,,,,,,,,,,,,,,,
E097,"R.R. Institute of Technology-Chikkabanavara, Bengaluru",GM,,96357.0,,,,,,,2024,2,36,,,,,,,,,,,,,,,,,,,,,,,,,,,,,,,,,,,,,,,,,,COMEDK,,,,,,,,,,,,,,,,,,,,,,,,,,,,,,,,,,,,,,,,,,,,,,,,,,
E099,"Raja Rajeswari College of Engineering-Kumbalgodu, Bengaluru",GM,,102167.0,,,,,,,2024,2,36,,,,,,,,,,,,,,,,,,,,,,,,,,,,,,,,,,,,,,,,,,COMEDK,,,,,,,,,,,,,,,,,,,,,,,,,,,,,,,,,,,,,,,,,,,,,,,,,,
E101,"Rajiv Gandhi Institute of Technology-R T Nagar Post, Bengaluru",GM,,100446.0,,,,,,,2024,2,37,,,,,,,,,,,,,,,,,,,,,,,,,,,,,,,,,,,,,,,,,,COMEDK,,,,,,,,,,,,,,,,,,,,,,,,,,,,,,,,,,,,,,,,,,,,,,,,,,
E104,"RNS Institute of Technology-R R Nagar Post, Bengaluru",GM,,16621.0,,,,,,,2024,2,37,,,,,,,,,,,,,,,,,,,20338,,,,,,,,,,,,,,,,,,,,,,,COMEDK,,,,,93455,,,,,,,,,,,,,,,,,,,,,,,,,,,,,,,,,,,,,,,,,,,,,
E105,"Bheemanna Khandre Institute of Technology-Bhalki, Bidar",GM,,65666.0,,,,,,,2024,2,37,,,,,,,,,,,,,,,,,,,,,,,,,,,,,,,,,,,,,,,,,,COMEDK,,,,,,,,,,,,,,,,,,,,,,,,,,,,,,,,,,,,,,,,,,,,,,,,,,
E107,"SJB Institute of Technology-Kengeri, Bengaluru",GM,,32377.0,,,,,,,2024,2,37,,,,,,,,,,,,,,,,,,,,,,,,,,,,,,,,,,,,,,,,,,COMEDK,,,,,,,,,,,,,,,,,,,,,,,,,,,,,,,,,,,,,,,,,,,,,,,,,,
E108,"S J C Institute of Technology-BB Road, Chikkaballapur",GM,,93381.0,,,,,,,2024,2,37,,,,,,,,,,,,,,,,,,,,,,,,,,,,,,,,,,,,,,,,,,COMEDK,,,,,,,,,,,,,,,,,,,,,,,,,,,,,,,,,,,,,,,,,,,,,,,,,,
E109,"S.E.A. College of Engineering and Technology-K R Puram, Bengaluru",GM,,68172.0,,,,,,,2024,2,37,,,,,,,,,,,,,,,,,,,,,,,,,,,,,,,,,,,,,,,,,,COMEDK,,,,,,,,,,,,,,,,,,,,,,,,,,,,,,,,,,,,,,,,,,,,,,,,,,
E110,"SSETs S.G. Balekundri Institute of Technology-Shivabasva Nagar, Belagavi",GM,,84191.0,,,,,,,2024,2,37,,,,,,,,,,,,,,,,,,,,,,,,,,,,,,,,,,,,,,,,,,COMEDK,,,,,,,,,,,,,,,,,,,,,,,,,,,,,,,,,,,,,,,,,,,,,,,,,,
E112,"Sahyadri College of Engineering and Management-Adyar, Mangaluru",GM,,96203.0,,,,,,,2024,2,37,,,,,,,,,,,,,,,,,,,,,,,,,,,,,,,,,,,,,,,,,,COMEDK,,,,,,,,,,,,,,,,,,,,,,,,,,,,,,,,,,,,,,,,,,,,,,,,,,
E113,"Sai Vidya Institute of Technology-Rajan Kunte, Bengaluru",GM,,71662.0,,,,,,,2024,2,37,,,,,,,,,,,,,,,,,,,,,,,,,,,,,,,,,,,,,,,,,,COMEDK,,,,,,,,,,,,,,,,,,,,,,,,,,,,,,,,,,,,,,,,,,,,,,,,,,
E114,"Sambhram Institute of Technology-Jalahalli East, Bengaluru",GM,,85964.0,,,,,,,2024,2,37,,,,,,,,,,,,,,,,,,,,,,,,,,,,,,,,,,,,,,,,,,COMEDK,,,,,,,,,,,,,,,,,,,,,,,,,,,,,,,,,,,,,,,,,,,,,,,,,,
E116,"Sapthagiri NPS University-Hesarghatta Main Road, Bengaluru",GM,,50383.0,,,,,,,2024,2,37,,,,,,,,,,,,,,,,,,,,,,,,,,,,,,,,,,,,,,,,,,COMEDK,,,,,,,,,,,,,,,,,,,,,,,,,,,,,,,,,,,,,,,,,,,,,,,,,,
E117,"SDM College of Engineering and Technology, Tulu Minority-Kalaghatagi, Dharwad",GM,,29571.0,,,,,,,2024,2,37,,,,,,,,,,,,,,,,,,,,,,,,,,,,,,,,,,,,,,,,,,COMEDK,,,,,,,,,,,,,,,,,,,,,,,,,,,,,,,,,,,,,,,,,,,,,,,,,,
E117,"SDM College of Engineering and Technology, Tulu Minority-Kalaghatagi, Dharwad",GM,,78766.0,,,,,,,2024,2,29,,,,,,,,,,,,,,,,,,,,,,,,,,,,,,,,,,,,,,,,,,COMEDK,,,,,,,,,,,,,,,,,,,,,,,,,,,,,,,,,,,,,,,,,,,,,,,,,,
E118,"SDM Institute of Technology, Tulu Minority-Ujjire, Dakshina Kannada",GM,,91944.0,,,,,,,2024,2,37,,,,,,,,,,,,,,,,,,,,,,,,,,,,,,,,,,,,,,,,,,COMEDK,,,,,,,,,,,,,,,,,,,,,,,,,,,,,,,,,,,,,,,,,,,,,,,,,,
E121,"Sri Sairam College of Engineering-Anekal, Bengaluru",GM,,94032.0,,,,,,,2024,2,37,,,,,,,,,,,,,,,,,,,,,,,,,,,,,,,,,,,,,,,,,,COMEDK,,,,,,,,,,,,,,,,,,,,,,,,,,,,,,,,,,,,,,,,,,,,,,,,,,
E123,"Shri Madhwa Vadiraja Institute of Technology and Management-Bantakal, Udupi",GM,,45823.0,,,,,,,2024,2,37,,,,,,,,,,,,,,,,,,,,,,,,,,,,,,,,,,,,,,,,,,COMEDK,,,,,,,,,,,,,,,,,,,,,,,,,,,,,,,,,,,,,,,,,,,,,,,,,,
E124,"Shridevi Institute of Engineering and Technology-Sira Road, Tumakuru",GM,,67287.0,,,,,,,2024,2,37,,,,,,,,,,,,,,,,,,,,,,,,,,,,,,,,,,,,,,,,,,COMEDK,,,,,,,,,,,,,,,,,,,,,,,,,,,,,,,,,,,,,,,,,,,,,,,,,,
E125,"Siddaganga Institute of Technology-B H Road, Tumakuru",GM,,9349.0,,,,,,,2024,2,37,,,,,,,,,,,,,,,,,,,,,,,,,,,,,,,,,,,,,,,,,,COMEDK,,,,,,,,,,,,,,,,,,,,,,,,,,,,,,,,,,,,,,,,,,,,,,,,,,
E126,"Sir M.Visvesvaraya Institute of Technology-Yelahanka, Bengaluru",GM,,12691.0,,,,,,,2024,2,37,,,,,,,,,,,,,,,,,,,,,,,,,,,,,,,,,,,,,,,,,,COMEDK,,,,,91674,,,,,,,,,,,,,,,,,,,,,,,,,,,,,,,,,,,,,,,,,,,,,
E128,"Smt. Kamala and Sri Venkappa M. Agadi College of Engineering and Technology-
Laxmeswar, Gadag",GM,,64041.0,,,,,,,2024,2,38,,,,,,,,,,,,,,,,,,,,,,,,,,,,,,,,,,,,,,,,,,COMEDK,,,,,,,,,,,,,,,,,,,,,,,,,,,,,,,,,,,,,,,,,,,,,,,,,,
E137,"Sri Venkateshwara College of Engineering-KIAL Road, Bengaluru",GM,,98588.0,,,,,,,2024,2,38,,,,,,,,,,,,,,,,,,,85632,,,,,,,,,,,,,,,,,,,,,,,COMEDK,,,,,,,,,,,,,,,,,,,,,,,,,,,,,,,,,,,,,,,,,,,,,,,,,,
E141,"T. John Institute of Technology-Bannerghatta Road, Bengaluru",GM,,84554.0,,,,,,,2024,2,38,,,,,,,,,,,,,,,,,,,,,,,,,,,,,,,,,,,,,,,,,,COMEDK,,,,,,,,,,,,,,,,,,,,,,,,,,,,,,,,,,,,,,,,,,,,,,,,,,
E145,"Vemana Institute of Technology-Koramangala, Bengaluru",GM,,100510.0,,,,,,,2024,2,38,,,,,,,,,,,,,,,,,,,,,,,,,,,,,,,,,,,,,,,,,,COMEDK,,,,,,,,,,,,,,,,,,,,,,,,,,,,,,,,,,,,,,,,,,,,,,,,,,
E146,"Vidya Vikas Institute of Engineering and Technology-Alnahally, Mysuru",GM,,97237.0,,,,,,,2024,2,38,,,,,,,,,,,,,,,,,,,,,,,,,,,,,,,,,,,,,,,,,,COMEDK,,,,,,,,,,,,,,,,,,,,,,,,,,,,,,,,,,,,,,,,,,,,,,,,,,
E147,"Vidyavardhaka College of Engineering-Gokulam, Mysuru",GM,,46623.0,,,,,,,2024,2,38,,,,,,,,,,,,,,,,,,,,,,,,,,,,,,,,,,,,,,,,,,COMEDK,,,,,81483,,,,,,,,,,,,,,,,,,,,,,,,,,,,,,,,,,,,,,,,,,,,,
E149,"Vivekananda Institute of Technology-Kengeri, Bengaluru",GM,,66245.0,,,,,,,2024,2,38,,,,,,,,,,,,,,,,,,,,,,,,,,,,,,,,,,,,,,,,,,COMEDK,,,,,,,,,,,,,,,,,,,,,,,,,,,,,,,,,,,,,,,,,,,,,,,,,,
E152,"ATME College of Engineering-Bannur Road, Mysuru",GM,,94717.0,,,,,,,2024,2,38,,,,,,,,,,,,,,,,,,,,,,,,,,,,,,,,,,,,,,,,,,COMEDK,,,,,,,,,,,,,,,,,,,,,,,,,,,,,,,,,,,,,,,,,,,,,,,,,,
E156,"Jyothy Institute of Technology-Tathguni, Bengaluru",GM,,99899.0,,,,,,,2024,2,38,,,,,,,,,,,,,,,,,,,,,,,,,,,,,,,,,,,,,,,,,,COMEDK,,,,,,,,,,,,,,,,,,,,,,,,,,,,,,,,,,,,,,,,,,,,,,,,,,
E161,"Cambridge Institute of Technology North Campus-Kundana, Bengaluru",GM,,97889.0,,,,,,,2024,2,38,,,,,,,,,,,,,,,,,,,94235,,,,,,,,,,,,,,,,,,,,,,,COMEDK,,,,,,,,,,,,,,,,,,,,,,,,,,,,,,,,,,,,,,,,,,,,,,,,,,
E165,"Alliance College of Engineering and Design. Alliance University-Anekal, Bengaluru",GM,,21358.0,,,,,,,2024,2,39,,,,,,,,,,,,,,,,,,,26320,,,,,,,,,,,,,,,,,,,,,,,COMEDK,,,,,,,,,,,,,,,,,,,,,,,,,,,,,,,,,,,,,,,,,,,,,,,,,,
E165,"Alliance College of Engineering and Design. Alliance University-Anekal, Bengaluru",GM,,44968.0,,,,,,,2024,2,55,,,,,,,,,,,,,,,,,,,,,,,,,,,,,,42653,,,,,,,,,,,,COMEDK,,,,,,,,,,,,,,,,,,,,,,41613,,,,,,,,,,,,,,,,,,,,,,,,,,,,
E171,"GITAM Deemed to be University-Dodaballapur taluk, Bengaluru",GM,,13057.0,,,,,,,2024,2,39,,,,,,,,,,,,,,,,,,,19014,,,,,,,,,,,,,,,,,,,,,,,COMEDK,,,,,,,,,,,,,,,,,,,,,,,,,,,,,,,,,,,,,,,,,,,,,,,,,,
E171,"GITAM Deemed to be University-Dodaballapur taluk, Bengaluru",GM,,79221.0,,,,,,,2024,2,47,,,,,,,,,,,,,,,,,,,,,,,,,,,,,,,,,,,,,,,,,,COMEDK,,,,,,,,,,,,,,,,,,72812,,,,,,,,,,,,,,,,,,,,,,,,,,,,,,,,
E173,"Presidency University-Yelahanka, Bengaluru",GM,,18683.0,,,,,,,2024,2,39,,,,,,,,,,,,,,,,,33315,,,,,,,,,,,,,,,,,,,,,,,,,COMEDK,,,,,99903,,,,,,,,,,,,,,,,,,,,,,,,,,,,,,,,,,,,,,,,,,,,,
E173,"Presidency University-Yelahanka, Bengaluru",GM,,38514.0,,,,,,,2024,2,23,,,,,,,,,,,,,,,,,,,,,,,,,,,,,,,,,,,,,,,,,,COMEDK,,,,,,,,,,,,,,,,,,,,,,,,,,,,,,,,,,,,,,,,,,,,,,,,,,
E187,"CMR University-Bagalur-Chagalatti, Bengaluru",GM,,48149.0,,,,,,,2024,2,39,,,,,,,,,,,,,,,,,,35198,,,,,,,,,,,,,,,,,,,,,,,,COMEDK,,,,,,,,,,,,,,,,,,,,,,,,,,,,,,,,,,,,,,,,,,,,,,,,,,
E194,"Jain College of Engineering and Technology-Unkal, Hubballi",GM,,98288.0,,,,,,,2024,2,39,,,,,,,,,,,,,,,,,,,,,,,,,,,,,,,,,,,,,,,,,,COMEDK,,,,,,,,,,,,,,,,,,,,,,,,,,,,,,,,,,,,,,,,,,,,,,,,,,
E197,"M.S. Ramaiah University of Applied Sciences-MSR Nagar, Bengaluru",GM,,50624.0,,,,,,,2024,2,15,,,,,,,,,,,,,,,,,,,,,,,,,,,,,,,,,,,,,,,,,,COMEDK,,,,,,,,,,,,,,,,,,,,,,,,,,,,,,,,,,,,,,,,,,,,,,,,,,
E198,"R V Institute of Technology and Management-J P Nagar, Bengaluru",GM,,8608.0,,,,,,,2024,2,39,,,,,,,,,,,,,,,,,,,,,,,,,,,,,,,,,,,,,,,,,,COMEDK,,,,,,,,,,,,,,,,,,,,,,,,,,,,,,,,,,,,,,,,,,,,,,,,,,
E203,"Amruta Institute of Engineering and Management Science-Bidadi, Ramnagar Taluk, 
Bengaluru Rural",GM,,88961.0,,,,,,,2024,2,39,,,,,,,,,,,,,,,,,,,,,,,,,,,,,,,,,,,,,,,,,,COMEDK,,,,,,,,,,,,,,,,,,,,,,,,,,,,,,,,,,,,,,,,,,,,,,,,,,
E206,"Cauvery Institute Of Technology-Sundahalli, Mandya",GM,,64881.0,,,,,,,2024,2,39,,,,,,,,,,,,,,,,,,,,,,,,,,,,,,,,,,,,,,,,,,COMEDK,,,,,,,,,,,,,,,,,,,,,,,,,,,,,,,,,,,,,,,,,,,,,,,,,,
E207,"BGS College of Engineering and Technology-Mahalaxmipuram, Bengaluru",GM,,49177.0,,,,,,,2024,2,39,,,,,,,,,,,,,,,,,,,,,,,,,,,,,,,,,,,,,,,,,,COMEDK,,,,,,,,,,,,,,,,,,,,,,,,,,,,,,,,,,,,,,,,,,,,,,,,,,
E211,"East West College of Engineering-Yelahanka, Bengaluru",GM,,89865.0,,,,,,,2024,2,8,,,,,,,,,,,,,,,,,,,,,,,,,,,,,,,,,,,,,,,,,,COMEDK,,,,,,,,,,,,,,,,,,,,,,,,,,,,,,,,,,,,,,,,,,,,,,,,,,
E211,"East West College of Engineering-Yelahanka, Bengaluru",GM,,94269.0,,,,,,,2024,2,40,,,,,,,,,,,,,,,,,,,,,,,,,,,,,,,,,,,,,,,,,,COMEDK,,,,,,,,,,,,,,,,,,,,,,,,,,,,,,,,,,,,,,,,,,,,,,,,,,
E212,"Seshadripuram Institute of Technology - Jaipura Hobli, Mysuru",GM,,90114.0,,,,,,,2024,2,40,,,,,,,,,,,,,,,,,,,,,,,,,,,,,,,,,,,,,,,,,,COMEDK,,,,,,,,,,,,,,,,,,,,,,,,,,,,,,,,,,,,,,,,,,,,,,,,,,
E001,"Acharya Institute of Technology-Soladevanahalli, Bengaluru",GM,,66375.0,,,,,,,2024,3,21,,,,,,,,,,,,,,,,,,,,,,,,,,,,,,,,,,,,,,,,,,COMEDK,,,,,,,,,,,,,,,,,,,,,,,,,,,,,,,,,,,,,,,,,,,,,,,,,,
E001,"Acharya Institute of Technology-Soladevanahalli, Bengaluru",GM,,69714.0,,,,,,,2024,3,26,,,,,,,,,,,,,,,,,,,,,,,25928,,,,,,,,,,,,,,,,,,,COMEDK,,,,,,,,,,,,,,,,,,,,,,,,,,,,,,,,,,,,,,,,,,,,,,,,,,
E003,"A.C.S. College of Engineering-Kambipura Mysore Road, Bengaluru",GM,,78464.0,,,,,,,2024,3,21,,,,,,,,,,,,,,,,,,,,,,,,,,,,,,,,,,,,,,,,,,COMEDK,,,,,,,,,,,,,,,,,,,,,,,,,,,,,,,,,,,,,,,,,,,,,,,,,,
E005,"Akash Institute of Engineering and Technology-Devanahalli, Bengaluru Rural",GM,,80238.0,,,,,,,2024,3,21,,,,,,,,,,,,,,,,,,,,,,,,,,,,,,,,,,,,,,,,,,COMEDK,,,,,,,,,,,,,,,,,,,,,,,,,,,,,,,,,,,,,,,,,,,,,,,,,,
E006,"Alvas Institute of Engineering and Technology-Moodbidri, Mangaluru",GM,,82560.0,,,,,,,2024,3,21,,,,,,,,,,,,,,,,,,,,,,,,,,,,,,,,,,,,,,,,,,COMEDK,,,,,,,,,,,,,,,,,,,,,,,,,,,,,,,,,,,,,,,,,,,,,,,,,,
E007,"AMC Engineering College-Bannerghatta Rd, Bengaluru",GM,,100868.0,,,,,,,2024,3,21,,,,,,,,,,,,,,,,,,,,,,,,,,,,,,,,,,,,,,,,,,COMEDK,,,,,,,,,,,,,,,,,,,,,,,,,,,,,,,,,,,,,,,,,,,,,,,,,,
E012,"Atria Institute of Technology-Hebbal, Bengaluru",GM,,82217.0,,,,,,,2024,3,21,,,,,,,,,,,,,,,,,,,,,,,,,,,,,,,,,,,,,,,,,,COMEDK,,,,,,,,,,,,,,,,,,,,,,,,,,,,,,,,,,,,,,,,,,,,,,,,,,
E015,"B.N.M. Institute of Technology-Banashankari, Bengaluru",GM,,30741.0,,,,,,,2024,3,21,,,,,,,,,,,,,,,,,,,,,,,,,,,,,,,,,,,,,,,,,,COMEDK,,,,,,,,,,,,,,,,,,,,,,,,,,,,,,,,,,,,,,,,,,,,,,,,,,
E015,"B.N.M. Institute of Technology-Banashankari, Bengaluru",GM,,60533.0,,,,,,,2024,3,26,,,,,,,,,,,,,,,,,,,,,,,61025,,,,,,,,,,,,,,,,,,,COMEDK,,,,,,,,,,,,,,,,,,,,,,,,,,,,,,,,,,,,,,,,,,,,,,,,,,
E016,"KLE Technological University Formerly known as BVBCET-Vidyanagar, Hubballi",GM,,28951.0,,,,,,,2024,3,21,,,,,,,,,,,,,,,,,,,,,,,,,,,,,,,,,,,,,,,,,,COMEDK,,,,,64944,,,,,,,,,,,,,,,,,,,,,,,,,,,,,,,,,,,,,,,,,,,,,
E016,"KLE Technological University Formerly known as BVBCET-Vidyanagar, Hubballi",GM,,76965.0,,,,,,,2024,3,26,,,,,,,,,,,,,,,,,,,,,,,99769,,,,,,,,,,,,,,,,,,,COMEDK,,,,,,,,,,,,,,,,,,,,,,,,,,,,,,,,,,,,,,,,,,,,,,,,,,
E018,"Bangalore College of Engineering and Technology-Chandapura, Bengaluru",GM,,101217.0,,,,,,,2024,3,21,,,,,,,,,,,,,,,,,,,,,,,,,,,,,,,,,,,,,,,,,,COMEDK,,,,,,,,,,,,,,,,,,,,,,,,,,,,,,,,,,,,,,,,,,,,,,,,,,
E019,"Bangalore Institute of Technology-V V Puram, Bengaluru",GM,,10896.0,,,,,,,2024,3,21,,,,,,,,,,,,,,,,,,,,,,,,,,,,,,,,,,,,,,,,,,COMEDK,,,,,,,,,,,,,,,,,,,,,,,,,,,,,,,,,,,,,,,,,,,,,,,,,,
E019,"Bangalore Institute of Technology-V V Puram, Bengaluru",GM,,29050.0,,,,,,,2024,3,26,,,,,,,,,,,,,,,,,,,,,,,93446,,,,,,,,,,,,,,,,,,,COMEDK,,,,,,,,,,,,,,,,,,,,,,,,,,,,,,,,,,,,,,,,,98313,,,,,,,,,
E021,"Bapuji Institute of Engineering and Technology-Shamanur Road, Davangere",GM,,76181.0,,,,,,,2024,3,21,,,,,,,,,,,,,,,,,,,,,,,,,,,,,,,,,,,,,,,,,,COMEDK,,,,,,,,,,,,,,,,,,,,,,,,,,,,,,,,,,,,,,,,,,,,,,,,,,
E024,"Basaveshwar Engineering College-Vidya Nagar, Bagalkote",GM,,97717.0,,,,,,,2024,3,21,,,,,,,,,,,,,,,,,,,,,,,,,,,,,,,,,,,,,,,,,,COMEDK,,,,,,,,,,,,,,,,,,,,,,,,,,,,,,,,,,,,,,,,,,,,,,,,,,
E027,"BMS College of Engineering-Basavanagudi, Bengaluru",GM,,3716.0,,,,,,,2024,3,21,,,,,,,,,,,,,,,,,,,,,,,,,,,,,,,,,,,,,,,,,,COMEDK,,,,,61017,,,,,,,,,,,,,,,,,,,,,,,,,,,,,,,,,,,,,,,,,,,,,
E027,"BMS College of Engineering-Basavanagudi, Bengaluru",GM,,6867.0,,,,,,,2024,3,26,,,,,,,,,,,,,,,,,,,,,,,,,,,,,,,,,,,,,,,,,,COMEDK,,,,,,,,,,,,,,,,,,,,,,,,,,,,,,,,,,,,,,,,,,,,,,,,,,
E027,"BMS College of Engineering-Basavanagudi, Bengaluru",GM,,70805.0,,,,,,,2024,3,16,,,,,,,,,,,,,,,,,,,,,,,,,,,,,,,,,,,,,,,,,,COMEDK,,,,,,,,,,,,,,,,,,,,,,,,,,,,,,,,,,,,,,,,,,,,,,,,,,
E028,"BMS Institute of Technology and Management-Yelahanka, Bengaluru",GM,,12938.0,,,,,,,2024,3,21,,,,,,,,,,,,,,,,,,,,,,,,,,,,,,,,,,,,,,,,,,COMEDK,,,,,95282,,,,,,,,,,,,,,,,,,,,,,,,,,,,,,,,,,,,,,,,,,,,,
E028,"BMS Institute of Technology and Management-Yelahanka, Bengaluru",GM,,24247.0,,,,,,,2024,3,26,,,,,,,,,,,,,,,,,,,,,,,37740,,,,,,,,,,,,,,,,,,,COMEDK,,,,,,,,,,,,,,,,,,,,,,,,,,,,,,,,,,,,,,,,,,,,,,,,,,
E030,"Brindavan College of Engineering-Yelahanka, Bengaluru",GM,,91793.0,,,,,,,2024,3,21,,,,,,,,,,,,,,,,,,,,,,,,,,,,,,,,,,,,,,,,,,COMEDK,,,,,,,,,,,,,,,,,,,,,,,,,,,,,,,,,,,,,,,,,,,,,,,,,,
E032,"C.M.R. Institute of Technology-Brookefield, Bengaluru",GM,,22573.0,,,,,,,2024,3,21,,,,,,,,,,,,,,,,,,,,,,,,,,,,,,,,,,,,,,,,,,COMEDK,,,,,,,,,,,,,,,,,,,,,,,,,,,,,,,,,,,,,,,,,,,,,,,,,,
E032,"C.M.R. Institute of Technology-Brookefield, Bengaluru",GM,,89681.0,,,,,,,2024,3,26,,,,,,,,,,,,,,,,,,,,,,,,,,,,,,,,,,,,,,,,,,COMEDK,,,,,,,,,,,,,,,,,,,,,,,,,,,,,,,,,,,,,,,,,,,,,,,,,,
E033,"Cambridge Institute of Technology-K R Puram, Bengaluru",GM,,81358.0,,,,,,,2024,3,21,,,,,,,,,,,,,,,,,,,,,,,,,,,,,,,,,,,,,,,,,,COMEDK,,,,,,,,,,,,,,,,,,,,,,,,,,,,,,,,,,,,,,,,,,,,,,,,,,
E033,"Cambridge Institute of Technology-K R Puram, Bengaluru",GM,,89884.0,,,,,,,2024,3,26,,,,,,,,,,,,,,,,,,,,,,,,,,,,,,,,,,,,,,,,,,COMEDK,,,,,,,,,,,,,,,,,,,,,,,,,,,,,,,,,,,,,,,,,,,,,,,,,,
E039,"Dayananda Sagar Academy of Technology and Management-Kanakpura Road, Bengaluru",GM,,47289.0,,,,,,,2024,3,21,,,,,,,,,,,,,,,,,,,,,,,,,,,,,,,,,,,,,,,,,,COMEDK,,,,,,,,,,,,,,,,,,,,,,,,,,,,,,,,,,,,,,55266,,,,,,,,,,,,
E039,"Dayananda Sagar Academy of Technology and Management-Kanakpura Road, Bengaluru",GM,,97456.0,,,,,,,2024,3,26,,,,,,,,,,,,,,,,,,,,,,,80140,,,,,,,,,,,,,,,,,,,COMEDK,,,,,,,,,,,,,,,,,,,,,,,,,,,,,,,,,,,,,,,,,,,,,,,,,,
E040,"Dayananda Sagar College of Engineering-Kumaraswamy Layout, Bengaluru",GM,,5873.0,,,,,,,2024,3,21,,,,,,,,,,,,,,,,,,,,,,,,,,,,,,,,,,,,,,,,,,COMEDK,,,,,,,,,,,,,,,,,,,,,,,,,,,,,,,,,,,,,,7599,,,,,,,,,,,,
E040,"Dayananda Sagar College of Engineering-Kumaraswamy Layout, Bengaluru",GM,,16919.0,,,,,,,2024,3,26,,,,,,,,,,,,,,,,,,,,,,,52752,,,,,,,,,,,,,,,,,,,COMEDK,,,,,,,,,,,,,,,,,,,,,,,,,,,,,,,,,,,,,,,,,64019,,,,,,,,,
E040,"Dayananda Sagar College of Engineering-Kumaraswamy Layout, Bengaluru",GM,,45572.0,,,,,,,2024,3,1,,,,,,,,,,,,,,,,,,,,,,,,,,,,,,,,,,,,,,,,,,COMEDK,6927,,,,,,,,,,,,,,,,,,,,,,,,,,,,,,,,,,,,,,,,,,,,,,,,,
E040,"Dayananda Sagar College of Engineering-Kumaraswamy Layout, Bengaluru",GM,9492,99981.0,,,,,,,2024,3,16,,,,,,,,,,,,,,,,,,,,,,,,,,,,,,,,,,,,,,,,,,COMEDK,,,,,,,,,,,,,,,,,,,,,,,,,,,,,,,,,,,,,,,,,,,,,,,,,,
E041,"DON BOSCO Institute of Technology-Kumbalgodu, Bengaluru",GM,,76938.0,,,,,,,2024,3,22,,,,,,,,,,,,,,,,,,,,,,,,,,,,,,,,,,,,,,,,,,COMEDK,,,,,,,,,,,,,,,,,,,,,,,,,,,,,,,,,,,,,,,,,,,,,,,,,,
E042,"Dr. Ambedkar Institute of Technology-Malathahalli, Bengaluru",GM,,57489.0,,,,,,,2024,3,22,,,,,,,,,,,,,,,,,,,,,,,,,,,,,,,,,,,,,,,,,,COMEDK,,,,,,,,,,,,,,,,,,,,,,,,,,,,,,,,,,,,,,,,,,,,,,,,,,
E042,"Dr. Ambedkar Institute of Technology-Malathahalli, Bengaluru",GM,,80883.0,,,,,,,2024,3,27,,,,,,,,,,,,,,,,,,,,,,,,,,,,,,,,,,,,,,,,,,COMEDK,,,,,,,,,,,,,,,,,,,,,,,,,,,,,,,,,,,,,,,,,,,,,,,,,,
E045,"Dr H N National College Of Engineering-Jayanagar, Bengaluru",GM,,66297.0,,,,,,,2024,3,22,,,,,,,,,,,,,,,,,,,,,,,,,,,,,,,,,,,,,,,,,,COMEDK,,,,,,,,,,,,,,,,,,,,,,,,,,,,,,,,,,,,,,,,,,,,,,,,,,
E045,"Dr H N National College Of Engineering-Jayanagar, Bengaluru",GM,,72750.0,,,,,,,2024,3,27,,,,,,,,,,,,,,,,,,,,,,,,,,,,,,,,,,,,,,,,,,COMEDK,,,,,,,,,,,,,,,,,,,,,,,,,,,,,,,,,,,,,,,,,,,,,,,,,,
E046,"East Point College of Engineering and Technology-Avalahalli, Bengaluru",GM,,100510.0,,,,,,,2024,3,22,,,,,,,,,,,,,,,,,,,,,,,,,,,,,,,,,,,,,,,,,,COMEDK,,,,,,,,,,,,,,,,,,,,,,,,,,,,,,,,,,,,,,,,,,,,,,,,,,
E048,"East West Institute of Technology-BEL Layout, Bengaluru",GM,,83252.0,,,,,,,2024,3,22,,,,,,,,,,,,,,,,,,,,,,,,,,,,,,,,,,,,,,,,,,COMEDK,,,,,,,,,,,,,,,,,,,,,,,,,,,,,,,,,,,,,,,,,,,,,,,,,,
E050,"Global Academy of Technology-Rajarajeshwari Nagar, Bengaluru",GM,,83645.0,,,,,,,2024,3,27,,,,,,,,,,,,,,,,,,,,,,,,,,,,,,,,,,,,,,,,,,COMEDK,,,,,,,,,,,,,,,,,,,,,,,,,,,,,,,,,,,,,,,,,,,,,,,,,,
E050,"Global Academy of Technology-Rajarajeshwari Nagar, Bengaluru",GM,,98020.0,,,,,,,2024,3,22,,,,,,,,,,,,,,,,,,,,,,,,,,,,,,,,,,,,,,,,,,COMEDK,,,,,,,,,,,,,,,,,,,,,,,,,,,,,,,,,,,,,,,,,,,,,,,,,,
E050,"Global Academy of Technology-Rajarajeshwari Nagar, Bengaluru",GM,77065,98787.0,,,,,,,2024,3,2,,,,,,,,,,,,,,,,,,,,,,,,,,,,,,,,,,,,,,,,,,COMEDK,70074,,,,,,,,,,,,,,,,,,,,,,,,,,,,,,,,,,,,,,,,,,,,,,,,,
E051,"GM Institute of Technology-P B Road, Davangere",GM,,99703.0,,,,,,,2024,3,22,,,,,,,,,,,,,,,,,,,,,,,,,,,,,,,,,,,,,,,,,,COMEDK,,,,,,,,,,,,,,,,,,,,,,,,,,,,,,,,,,,,,,,,,,,,,,,,,,
E053,"Gopalan College of Engineering And Management-Whitefield, Bengaluru",GM,,45603.0,,,,,,,2024,3,22,,,,,,,,,,,,,,,,,,,,,,,,,,,,,,,,,,,,,,,,,,COMEDK,,,,,,,,,,,,,,,,,,,,,,,,,,,,,,,,,,,,,,,,,,,,,,,,,,
E055,"GSSS Institute of Engineering and Technology for Women-Metagalli, Mysuru",GM,,35762.0,,,,,,,2024,3,22,,,,,,,,,,,,,,,,,,,,,,,,,,,,,,,,,,,,,,,,,,COMEDK,,,,,,,,,,,,,,,,,,,,,,,,,,,,,,,,,,,,,,,,,,,,,,,,,,
E055,"GSSS Institute of Engineering and Technology for Women-Metagalli, Mysuru",GM,,54151.0,,,,,,,2024,3,27,,,,,,,,,,,,,,,,,,,,,,,,,,,,,,,,,,,,,,,,,,COMEDK,,,,,,,,,,,,,,,,,,,,,,,,,,,,,,,,,,,,,,,,,,,,,,,,,,
E058,"Sri Jayachamarajendra College of Engineering constituent college of JSS Science and 
Technology University-Manasagangothri, Mysuru",GM,,5158.0,,,,,,,2024,3,22,,,,,,,,,,,,,,,,,,,,,,,,,,,,,,,,,,,,,,,,,,COMEDK,,,,,,,,,,,,,,,,,,,,,,,,,,,,,,,,,,,,,,,,,,,,,,,,,,
E059,"Jawaharlal Nehru New College of Engineering JNNCE-Swalanga Road, Shivamogga",GM,,66504.0,,,,,,,2024,3,22,,,,,,,,,,,,,,,,,,,,,,,,,,,,,,,,,,,,,,,,,,COMEDK,,,,,,,,,,,,,,,,,,,,,,,,,,,,,,,,,,,,,,,,,,,,,,,,,,
E059,"Jawaharlal Nehru New College of Engineering JNNCE-Swalanga Road, Shivamogga",GM,,92231.0,,,,,,,2024,3,27,,,,,,,,,,,,,,,,,,,,,,,,,,,,,,,,,,,,,,,,,,COMEDK,,,,,,,,,,,,,,,,,,,,,,,,,,,,,,,,,,,,,,,,,,,,,,,,,,
E060,"JSS Academy of Technical Education-Kengeri Main Road, Bengaluru",GM,,41133.0,,,,,,,2024,3,22,,,,,,,,,,,,,,,,,,,,,,,,,,,,,,,,,,,,,,,,,,COMEDK,,,,,68354,,,,,,,,,,,,,,,,,,,,,,,,,,,,,,,,,,,,,,,,,,,,,
E060,"JSS Academy of Technical Education-Kengeri Main Road, Bengaluru",GM,,94327.0,,,,,,,2024,3,27,,,,,,,,,,,,,,,,,,,,,,,,,,,,,,,,,,,,,,,,,,COMEDK,,,,,,,,,,,,,,,,,,,,,,,,,,,,,,,,,,,,,,,,,47943,,,,,,,,,
E065,"KLE Technological University  Formerly called as KLE Dr. M.S. Sheshgiri College of 
Engineering and Technology-Udyambag, Belagavi",GM,,96627.0,,,,,,,2024,3,22,,,,,,,,,,,,,,,,,,,,,,,,,,,,,,,,,,,,,,,,,,COMEDK,,,,,,,,,,,,,,,,,,,,,,,,,,,,,,,,,,,,,,,,,,,,,,,,,,
E065,"KLE Technological University  Formerly called as KLE Dr. M.S. Sheshgiri College of 
Engineering and Technology-Udyambag, Belagavi",GM,,98634.0,,,,,,,2024,3,27,,,,,,,,,,,,,,,,,,,,,,,,,,,,,,,,,,,,,,,,,,COMEDK,,,,,,,,,,,,,,,,,,,,,,,,,,,,,,,,,,,,,,,,,,,,,,,,,,
E067,"K.S School of Engineering And Management-Off Kanakapura Road, Bengaluru",GM,,60674.0,,,,,,,2024,3,22,,,,,,,,,,,,,,,,,,,,,,,,,,,,,,,,,,,,,,,,,,COMEDK,,,,,,,,,,,,,,,,,,,,,,,,,,,,,,,,,,,,,,,,,,,,,,,,,,
E068,"K.S. Institute of Technology-Kanakapura Main Road, Bengaluru",GM,,90354.0,,,,,,,2024,3,22,,,,,,,,,,,,,,,,,,,,,,,,,,,,,,,,,,,,,,,,,,COMEDK,,,,,,,,,,,,,,,,,,,,,,,,,,,,,,,,,,,,,,,,,,,,,,,,,,
E072,"K L E  Institute of Technology-Gokul, Hubbali",GM,,89979.0,,,,,,,2024,3,22,,,,,,,,,,,,,,,,,,,,,,,,,,,,,,,,,,,,,,,,,,COMEDK,,,,,,,,,,,,,,,,,,,,,,,,,,,,,,,,,,,,,,,,,,,,,,,,,,
E072,"K L E  Institute of Technology-Gokul, Hubbali",GM,,93787.0,,,,,,,2024,3,27,,,,,,,,,,,,,,,,,,,,,,,79232,,,,,,,,,,,,,,,,,,,COMEDK,,,,,,,,,,,,,,,,,,,,,,,,,,,,,,,,,,,,,,,,,,,,,,,,,,
E073,"KLS Gogte Institute of Technology-Udyambag, Belagavi",GM,,41505.0,,,,,,,2024,3,22,,,,,,,,,,,,,,,,,,,,,,,,,,,,,,,,,,,,,,,,,,COMEDK,,,,,,,,,,,,,,,,,,,,,,,,,,,,,,,,,,,,,,,,,,,,,,,,,,
E073,"KLS Gogte Institute of Technology-Udyambag, Belagavi",GM,,74541.0,,,,,,,2024,3,2,,,,,,,,,,,,,,,,,,,,,,,,,,,,,,,,,,,,,,,,,,COMEDK,,,,,,,,,,,,,,,,,,,,,,,,,,,,,,,,,,,,,,,,,,,,,,,,,,
E073,"KLS Gogte Institute of Technology-Udyambag, Belagavi",GM,,100279.0,,,,,,,2024,3,27,,,,,,,,,,,,,,,,,,,,,,,,,,,,,,,,,,,,,,,,,,COMEDK,,,,,,,,,,,,,,,,,,,,,,,,,,,,,,,,,,,,,,,,,,,,,,,,,,
E074,"KLS Vishwanathrao Deshpande Institute of Technology-Dandeli Road, Haliyal",GM,,94377.0,,,,,,,2024,3,22,,,,,,,,,,,,,,,,,,,,,,,,,,,,,,,,,,,,,,,,,,COMEDK,,,,,,,,,,,,,,,,,,,,,,,,,,,,,,,,,,,,,,,,,,,,,,,,,,
E077,"M.S. Ramaiah Institute of Technology-MSR Nagar, Bengaluru",GM,,1585.0,,,,,,,2024,3,23,,,,,,,,,,,,,,,,,,,,,,,,,,,,,,,,,,,,,,,,,,COMEDK,,,,,82286,,,,,,,,,,,,,,,,,,,,,,,,,,,,,,,,,2990,,,,,,,,,,,,
E077,"M.S. Ramaiah Institute of Technology-MSR Nagar, Bengaluru",GM,,5898.0,,,,,,,2024,3,28,,,,,,,,,,,,,,,,,,,,,,,9786,,,,,,,,,,,,,,,,,,,COMEDK,,,,,,,,,,,,,,,,,,,,,,,,,,,,,,,,,,,,,,,,,11455,,,,,,,,,
E077,"M.S. Ramaiah Institute of Technology-MSR Nagar, Bengaluru",GM,,70242.0,,,,,,,2024,3,18,,,,,,,,,,,,,,,,,,,,,,,,,,,,,,,,,,,,,,,,,,COMEDK,,,,,,,,,,,,,,2175,,,,,,,,,,,,,,,,,,,,,,,,,,,,,,,,,,,,
E078,"Maharaja Institute of Technology-Belawadi, Mandya",GM,,91204.0,,,,,,,2024,3,23,,,,,,,,,,,,,,,,,,,,,,,,,,,,,,,,,,,,,,,,,,COMEDK,,,,,,,,,,,,,,,,,,,,,,,,,,,,,,,,,,,,,,,,,,,,,,,,,,
E079,"Malnad College of Engineering-Rangoli Halla, Hassan",GM,,66287.0,,,,,,,2024,3,23,,,,,,,,,,,,,,,,,,,,,,,,,,,,,,,,,,,,,,,,,,COMEDK,,,,,,,,,,,,,,,,,,,,,,,,,,,,,,,,,,,,,,,,,,,,,,,,,,
E082,"Maharaja Institute of Technology-Thandavapura, Mysuru",GM,,93542.0,,,,,,,2024,3,23,,,,,,,,,,,,,,,,,,,,,,,,,,,,,,,,,,,,,,,,,,COMEDK,,,,,,,,,,,,,,,,,,,,,,,,,,,,,,,,,,,,,,,,,,,,,,,,,,
E084,"Nagarjuna College of Engineering And Technology-Devanahalli, Bengaluru",GM,,98172.0,,,,,,,2024,3,23,,,,,,,,,,,,,,,,,,,,,,,,,,,,,,,,,,,,,,,,,,COMEDK,,,,,,,,,,,,,,,,,,,,,,,,,,,,,,,,,,,,,,,,,,,,,,,,,,
E085,"The National Institute of Engineering North Campus-Koorgalli, Mysuru",GM,,10182.0,,,,,,,2024,3,23,,,,,,,,,,,,,,,,,,,,,,,,,,,,,,,,,,,,,,,,,,COMEDK,,,,,,,,,,,,,,,,,,,,,,,,,,,,,,,,,,,,,,,,,,,,,,,,,,
E086,"Nitte Meenakshi Institute of Technology-Yelahanka, Bengaluru",GM,,15857.0,,,,,,,2024,3,23,,,,,,,,,,,,,,,,,,,,,,,,,,,,,,,,,,,,,,,,,,COMEDK,,,,,,,,,,,,,,,,,,,,,,,,,,,,,,,,,,,,,,,,,,,,,,,,,,
E086,"Nitte Meenakshi Institute of Technology-Yelahanka, Bengaluru",GM,,39097.0,,,,,,,2024,3,28,,,,,,,,,,,,,,,,,,,,,,,90993,,,,,,,,,,,,,,,,,,,COMEDK,,,,,,,,,,,,,,,,,,,,,,,,,,,,,,,,,,,,,,,,,,,,,,,,,,
E086,"Nitte Meenakshi Institute of Technology-Yelahanka, Bengaluru",GM,20333,81030.0,,,,,,,2024,3,3,,,,,,,,,,,,,,,,,,,,,,,,,,,,,,,,,,,,,,,,,,COMEDK,19377,,,,,,,,,,,,,,,,,,,,,,,,,,,,,,,,,,,,,,,,,,,,,,,,,
E089,"P.E.S.College of Engineering-PES College Road, Mandya",GM,,54992.0,,,,,,,2024,3,23,,,,,,,,,,,,,,,,,,,,,,,,,,,,,,,,,,,,,,,,,,COMEDK,,,,,,,,,,,,,,,,,,,,,,,,,,,,,,,,,,,,,,,,,,,,,,,,,,
E089,"P.E.S.College of Engineering-PES College Road, Mandya",GM,,97076.0,,,,,,,2024,3,28,,,,,,,,,,,,,,,,,,,,,,,58820,,,,,,,,,,,,,,,,,,,COMEDK,,,,,,,,,,,,,,,,,,,,,,,,,,,,,,,,,,,,,,,,,,,,,,,,,,
E090,"PES Institute of Technology and Management-Kotegangoor Cost, Shivamogga",GM,,82808.0,,,,,,,2024,3,23,,,,,,,,,,,,,,,,,,,,,,,,,,,,,,,,,,,,,,,,,,COMEDK,,,,,,,,,,,,,,,,,,,,,,,,,,,,,,,,,,,,,,,,,,,,,,,,,,
E095,"R V College of Engineering-Mysore Road, Bengaluru",GM,,434.0,,,,,,,2024,3,23,,,,,,,,,,,,,,,,,,,,,,,,,,,,,,,,,,,,,,,,,,COMEDK,,,,,37093,,,,,,,,,,,,,,,,,,,,,,,,,,,,,,,,,862,,,,,,,,,,,,
E095,"R V College of Engineering-Mysore Road, Bengaluru",GM,,1636.0,,,,,,,2024,3,28,,,,,,,,,,,,,,,,,,,,,,,4898,,,,,,,,,,,,,,,,,,,COMEDK,,,,,,,,,,,,,,,,,,,,,,,,,,,,,,,,,,,,,,,,,,,,,,,,,,
E095,"R V College of Engineering-Mysore Road, Bengaluru",GM,,16403.0,,,,,,,2024,3,18,,,,,,,,,,,,,,,,,,,,,,,,,,,,,,,,,,,,,,,,,,COMEDK,,,,,,,,,,,,,,738,,,,,,,,,,,,,,,,,,,,,,,,,,,,,,,,,,,,
E104,"RNS Institute of Technology-R R Nagar Post, Bengaluru",GM,,32495.0,,,,,,,2024,3,23,,,,,,,,,,,,,,,,,,,,,,,,,,,,,,,,,,,,,,,,,,COMEDK,,,,,,,,,,,,,,,,,,,,,,,,,,,,,,,,,,,,,,49216,,,,,,,,,,,,
E104,"RNS Institute of Technology-R R Nagar Post, Bengaluru",GM,,96746.0,,,,,,,2024,3,28,,,,,,,,,,,,,,,,,,,,,,,,,,,,,,,,,,,,,,,,,,COMEDK,,,,,,,,,,,,,,,,,,,,,,,,,,,,,,,,,,,,,,,,,,,,,,,,,,
E107,"SJB Institute of Technology-Kengeri, Bengaluru",GM,,56636.0,,,,,,,2024,3,28,,,,,,,,,,,,,,,,,,,,,,,,,,,,,,,,,,,,,,,,,,COMEDK,,,,,,,,,,,,,,,,,,,,,,,,,,,,,,,,,,,,,,,,,,,,,,,,,,
E107,"SJB Institute of Technology-Kengeri, Bengaluru",GM,,97889.0,,,,,,,2024,3,23,,,,,,,,,,,,,,,,,,,,,,,,,,,,,,,,,,,,,,,,,,COMEDK,,,,,,,,,,,,,,,,,,,,,,,,,,,,,,,,,,,,,,,,,,,,,,,,,,
E108,"S J C Institute of Technology-BB Road, Chikkaballapur",GM,,93381.0,,,,,,,2024,3,23,,,,,,,,,,,,,,,,,,,,,,,,,,,,,,,,,,,,,,,,,,COMEDK,,,,,,,,,,,,,,,,,,,,,,,,,,,,,,,,,,,,,,,,,,,,,,,,,,
E112,"Sahyadri College of Engineering and Management-Adyar, Mangaluru",GM,,77460.0,,,,,,,2024,3,23,,,,,,,,,,,,,,,,,,,,,,,,,,,,,,,,,,,,,,,,,,COMEDK,,,,,,,,,,,,,,,,,,,,,,,,,,,,,,,,,,,,,,,,,,,,,,,,,,
E113,"Sai Vidya Institute of Technology-Rajan Kunte, Bengaluru",GM,,45073.0,,,,,,,2024,3,28,,,,,,,,,,,,,,,,,,,,,,,,,,,,,,,,,,,,,,,,,,COMEDK,,,,,,,,,,,,,,,,,,,,,,,,,,,,,,,,,,,,,,,,,,,,,,,,,,
E113,"Sai Vidya Institute of Technology-Rajan Kunte, Bengaluru",GM,,94982.0,,,,,,,2024,3,23,,,,,,,,,,,,,,,,,,,,,,,,,,,,,,,,,,,,,,,,,,COMEDK,,,,,,,,,,,,,,,,,,,,,,,,,,,,,,,,,,,,,,,,,,,,,,,,,,
E116,"Sapthagiri NPS University-Hesarghatta Main Road, Bengaluru",GM,,77593.0,,,,,,,2024,3,23,,,,,,,,,,,,,,,,,,,,,,,,,,,,,,,,,,,,,,,,,,COMEDK,,,,,,,,,,,,,,,,,,,,,,,,,,,,,,,,,,,,,,,,,,,,,,,,,,
E116,"Sapthagiri NPS University-Hesarghatta Main Road, Bengaluru",GM,,97180.0,,,,,,,2024,3,28,,,,,,,,,,,,,,,,,,,,,,,,,,,,,,,,,,,,,,,,,,COMEDK,,,,,,,,,,,,,,,,,,,,,,,,,,,,,,,,,,,,,,,,,,,,,,,,,,
E117,"SDM College of Engineering and Technology, Tulu Minority-Kalaghatagi, Dharwad",GM,,51370.0,,,,,,,2024,3,24,,,,,,,,,,,,,,,,,,,,,,,,,,,,,,,,,,,,,,,,,,COMEDK,,,,,,,,,,,,,,,,,,,,,,,,,,,,,,,,,,,,,,,,,,,,,,,,,,
E117,"SDM College of Engineering and Technology, Tulu Minority-Kalaghatagi, Dharwad",GM,,95570.0,,,,,,,2024,3,29,,,,,,,,,,,,,,,,,,,,,,,,,,,,,,,,,,,,,,,,,,COMEDK,,,,,,,,,,,,,,,,,,,,,,,,,,,,,,,,,,,,,,,,,,,,,,,,,,
E121,"Sri Sairam College of Engineering-Anekal, Bengaluru",GM,,101910.0,,,,,,,2024,3,24,,,,,,,,,,,,,,,,,,,,,,,,,,,,,,,,,,,,,,,,,,COMEDK,,,,,,,,,,,,,,,,,,,,,,,,,,,,,,,,,,,,,,,,,,,,,,,,,,
E124,"Shridevi Institute of Engineering and Technology-Sira Road, Tumakuru",GM,,67287.0,,,,,,,2024,3,24,,,,,,,,,,,,,,,,,,,,,,,,,,,,,,,,,,,,,,,,,,COMEDK,,,,,,,,,,,,,,,,,,,,,,,,,,,,,,,,,,,,,,,,,,,,,,,,,,
E125,"Siddaganga Institute of Technology-B H Road, Tumakuru",GM,,11173.0,,,,,,,2024,3,24,,,,,,,,,,,,,,,,,,,,,,,,,,,,,,,,,,,,,,,,,,COMEDK,,,,,,,,,,,,,,,,,,,,,,,,,,,,,,,,,,,,,,,,,,,,,,,,,,
E125,"Siddaganga Institute of Technology-B H Road, Tumakuru",GM,,49202.0,,,,,,,2024,3,29,,,,,,,,,,,,,,,,,,,,,,,77986,,,,,,,,,,,,,,,,,,,COMEDK,,,,,,,,,,,,,,,,,,,,,,,,,,,,,,,,,,,,,,,,84895,,,,,,,,,,
E126,"Sir M.Visvesvaraya Institute of Technology-Yelahanka, Bengaluru",GM,,23135.0,,,,,,,2024,3,24,,,,,,,,,,,,,,,,,,,,,,,,,,,,,,,,,,,,,,,,,,COMEDK,,,,,,,,,,,,,,,,,,,,,,,,,,,,,,,,,,,,,,,,,,,,,,,,,,
E126,"Sir M.Visvesvaraya Institute of Technology-Yelahanka, Bengaluru",GM,,83472.0,,,,,,,2024,3,29,,,,,,,,,,,,,,,,,,,,,,,97875,,,,,,,,,,,,,,,,,,,COMEDK,,,,,,,,,,,,,,,,,,,,,,,,,,,,,,,,,,,,,,,,,,,,,,,,,,
E137,"Sri Venkateshwara College of Engineering-KIAL Road, Bengaluru",GM,,55833.0,,,,,,,2024,3,24,,,,,,,,,,,,,,,,,,,,,,,,,,,,,,,,,,,,,,,,,,COMEDK,,,,,,,,,,,,,,,,,,,,,,,,,,,,,,,,,,,,,,,,,,,,,,,,,,
E142,"The National Institute of Engineering South Campus-Mananthavady Road, Mysuru",GM,,29308.0,,,,,,,2024,3,29,,,,,,,,,,,,,,,,,,,,,,,101747,,,,,,,,,,,,,,,,,,,COMEDK,,,,,,,,,,,,,,,,,,,,,,,,,,,,,,,,,,,,,,,,,,,,,,,,,,
E145,"Vemana Institute of Technology-Koramangala, Bengaluru",GM,,85681.0,,,,,,,2024,3,24,,,,,,,,,,,,,,,,,,,,,,,,,,,,,,,,,,,,,,,,,,COMEDK,,,,,,,,,,,,,,,,,,,,,,,,,,,,,,,,,,,,,,,,,,,,,,,,,,
E147,"Vidyavardhaka College of Engineering-Gokulam, Mysuru",GM,,72704.0,,,,,,,2024,3,29,,,,,,,,,,,,,,,,,,,,,,,,,,,,,,,,,,,,,,,,,,COMEDK,,,,,,,,,,,,,,,,,,,,,,,,,,,,,,,,,,,,,,,,,,,,,,,,,,
E147,"Vidyavardhaka College of Engineering-Gokulam, Mysuru",GM,,80021.0,,,,,,,2024,3,24,,,,,,,,,,,,,,,,,,,,,,,,,,,,,,,,,,,,,,,,,,COMEDK,,,,,,,,,,,,,,,,,,,,,,,,,,,,,,,,,,,,,,,,,,,,,,,,,,
E156,"Jyothy Institute of Technology-Tathguni, Bengaluru",GM,,55243.0,,,,,,,2024,3,24,,,,,,,,,,,,,,,,,,,,,,,,,,,,,,,,,,,,,,,,,,COMEDK,,,,,,,,,,,,,,,,,,,,,,,,,,,,,,,,,,,,,,,,,,,,,,,,,,
E161,"Cambridge Institute of Technology North Campus-Kundana, Bengaluru",GM,,97237.0,,,,,,,2024,3,24,,,,,,,,,,,,,,,,,,,,,,,,,,,,,,,,,,,,,,,,,,COMEDK,,,,,,,,,,,,,,,,,,,,,,,,,,,,,,,,,,,,,,84905,,,,,,,,,,,,
E164,"Reva University-Yelahanka, Bengaluru",GM,,101101.0,,,,,,,2024,3,29,,,,,,,,,,,,,,,,,,,,,,,74131,,,,,,,,,,,,,,,,,,,COMEDK,,,,,,,,,,,,,,,,,,,,,,,,,,,,,,,,,,,,,,,,,,,,,,,,,,
E165,"Alliance College of Engineering and Design. Alliance University-Anekal, Bengaluru",GM,,31768.0,,,,,,,2024,3,24,,,,,,,,,,,,,,,,,,,,,,,,,,,,,,,,,,,,,,,,,,COMEDK,,,,,,,,,,,,,,,,,,,,,,,,,,,,,,,,,,,,,,46085,,,,,,,,,,,,
E165,"Alliance College of Engineering and Design. Alliance University-Anekal, Bengaluru",GM,,92301.0,,,,,,,2024,3,29,,,,,,,,,,,,,,,,,,,,,,,,,,,,,,,,,,,,,,,,,,COMEDK,,,,,,,,,,,,,,,,,,,,,,,,,,,,,,,,,,,,,,,,,,,,,,,,,,
E171,"GITAM Deemed to be University-Dodaballapur taluk, Bengaluru",GM,,23197.0,,,,,,,2024,3,24,,,,,,,,,,,,,,,,,,,,,,,,,,,,,,,,,,,,,,,,,,COMEDK,,,,,,,,,,,,,,,,,,,,,,,,,,,,,,,,,,,,,,46119,,,,,,,,,,,,
E173,"Presidency University-Yelahanka, Bengaluru",GM,,33873.0,,,,,,,2024,3,25,,,,,,,,,,,,,,,,,48547,,,,,,,,,,,,,,,,,,,,,,,,,COMEDK,,,,,,,,,,,,,,,,,,,,,,,,,,,,,,,,,,,,,,,,,,,,,,,,,,
E173,"Presidency University-Yelahanka, Bengaluru",GM,,47473.0,,,,,,,2024,3,15,,,,,,,,,,,,,,,,,,,,,,,,,,,,,,,,,,,,,,,,,,COMEDK,,,,,,,,,,,,,,,,,,,,,,,,,,,,,,,,,,,,,,,,,,,,,,,,,,
E187,"CMR University-Bagalur-Chagalatti, Bengaluru",GM,,80981.0,,,,,,,2024,3,30,,,,,,,,,,,,,,,,,,,,,,,,,,,,,,,,,,,,,,,,,,COMEDK,,,,,,,,,,,,,,,,,,,,,,,,,,,,,,,,,,,,,,,,,,,,,,,,,,
E187,"CMR University-Bagalur-Chagalatti, Bengaluru",GM,,94704.0,,,,,,,2024,3,25,,,,,,,,,,,,,,,,,,87982,,,,,,,,,,,,,,,,,,,,,,,,COMEDK,,,,,,,,,,,,,,,,,,,,,,,,,,,,,,,,,,,,,,,,,,,,,,,,,,
E197,"M.S. Ramaiah University of Applied Sciences-MSR Nagar, Bengaluru",GM,,84923.0,,,,,,,2024,3,10,,,,,,,,,,,,,,,,,,,,,,,,,,,,,,,,,,,,,,,,,,COMEDK,,,,,,,,,,,,,,,,,,,,,,,,,,,,,,,,,,,,,,,,,,,,,,,,,,
E198,"R V Institute of Technology and Management-J P Nagar, Bengaluru",GM,,14477.0,,,,,,,2024,3,25,,,,,,,,,,,,,,,,,,,,,,,,,,,,,,,,,,,,,,,,,,COMEDK,,,,,,,,,,,,,,,,,,,,,,,,,,,,,,,,,,,,,,,,,,,,,,,,,,
E198,"R V Institute of Technology and Management-J P Nagar, Bengaluru",GM,,22853.0,,,,,,,2024,3,30,,,,,,,,,,,,,,,,,,,,,,,,,,,,,,,,,,,,,,,,,,COMEDK,,,,,,,,,,,,,,,,,,,,,,,,,,,,,,,,,,,,,,,,,,,,,,,,,,
E203,"Amruta Institute of Engineering and Management Science-Bidadi, Ramnagar Taluk, 
Bengaluru Rural",GM,,40302.0,,,,,,,2024,3,25,,,,,,,,,,,,,,,,,,,,,,,,,,,,,,,,,,,,,,,,,,COMEDK,,,,,,,,,,,,,,,,,,,,,,,,,,,,,,,,,,,,,,,,,,,,,,,,,,
E207,"BGS College of Engineering and Technology-Mahalaxmipuram, Bengaluru",GM,,91852.0,,,,,,,2024,3,25,,,,,,,,,,,,,,,,,,,,,,,,,,,,,,,,,,,,,,,,,,COMEDK,,,,,,,,,,,,,,,,,,,,,,,,,,,,,,,,,,,,,,,,,,,,,,,,,,
E212,"Seshadripuram Institute of Technology - Jaipura Hobli, Mysuru",GM,,67630.0,,,,,,,2024,3,25,,,,,,,,,,,,,,,,,,,,,,,,,,,,,,,,,,,,,,,,,,COMEDK,,,,,,,,,,,,,,,,,,,,,,,,,,,,,,,,,,,,,,,,,,,,,,,,,,
